-0.056094,0.11643,0.033596,0.035095,1
-0.056442,0.1323,0.039626,0.012181,1
-0.056631,0.13404,0.038053,0.013303,1
-0.057292,0.13439,0.043115,0.014167,1
-0.05707,0.13674,0.040104,0.01964,1
-0.057448,0.13792,0.039303,0.018141,1
-0.058629,0.13697,0.036056,0.018649,1
-0.059133,0.13797,0.035607,0.019167,1
-0.059433,0.14041,0.035903,0.020403,1
-0.059862,0.13972,0.038409,0.021964,1
-0.060094,0.14002,0.043331,0.02315,1
-0.060212,0.14074,0.04674,0.022915,1
-0.059908,0.14119,0.050744,0.023266,1
-0.059632,0.1401,0.052565,0.025265,1
-0.05913,0.13927,0.050915,0.0234,1
-0.057801,0.13879,0.0551,0.027178,1
-0.056884,0.14044,0.054993,0.028354,1
-0.055129,0.14049,0.051544,0.029399,1
-0.053897,0.14141,0.054084,0.029201,1
-0.051937,0.14302,0.050721,0.029353,1
-0.050878,0.1429,0.052555,0.030743,1
-0.049468,0.14247,0.053038,0.029152,1
-0.048717,0.14047,0.055139,0.03025,1
-0.048013,0.14037,0.057986,0.029469,1
-0.047375,0.14134,0.063841,0.029837,1
-0.046963,0.1393,0.068871,0.03104,1
-0.046394,0.13661,0.065264,0.029353,1
-0.046305,0.13459,0.065108,0.028803,1
-0.046752,0.1342,0.065841,0.028542,1
-0.047218,0.13455,0.066476,0.027954,1
-0.047604,0.13376,0.063664,0.026985,1
-0.048257,0.13449,0.064581,0.024738,1
-0.048598,0.13519,0.06557,0.025514,1
-0.048598,0.13308,0.062829,0.025813,1
-0.048224,0.13089,0.062928,0.025674,1
-0.047251,0.13028,0.063699,0.025441,1
-0.04654,0.12776,0.063588,0.025725,1
-0.045485,0.12676,0.061817,0.028264,1
-0.046318,0.12394,0.059349,0.027865,1
-0.047894,0.12352,0.063181,0.026569,1
-0.048645,0.12299,0.063123,0.024497,1
-0.051753,0.11958,0.061564,0.025014,1
-0.054412,0.1158,0.061317,0.026569,1
-0.056236,0.11309,0.059135,0.023769,1
-0.057415,0.11365,0.060614,0.023772,1
-0.058145,0.11125,0.059618,0.022124,1
-0.0592,0.10862,0.059491,0.022222,1
-0.060154,0.10613,0.058479,0.021532,1
-0.061493,0.10339,0.058502,0.018771,1
-0.062421,0.10051,0.057552,0.019742,1
-0.063363,0.094294,0.055618,0.017334,1
-0.064582,0.091537,0.053713,0.015494,1
-0.067307,0.089508,0.054223,0.015221,1
-0.070278,0.088245,0.051966,0.015591,1
-0.071818,0.085029,0.050208,0.016895,1
-0.073458,0.083722,0.048167,0.014989,1
-0.07387,0.082385,0.049009,0.015538,1
-0.074111,0.080568,0.048045,0.015961,1
-0.074016,0.075558,0.047402,0.015713,1
-0.073835,0.071699,0.047184,0.014187,1
-0.074978,0.070533,0.047608,0.012001,1
-0.076506,0.065895,0.052081,0.010597,1
-0.078381,0.056298,0.057887,0.013472,1
-0.079014,0.050564,0.06122,0.015593,1
-0.08002,0.044454,0.061321,0.018595,1
-0.080234,0.042513,0.059706,0.021255,1
-0.080087,0.037887,0.054512,0.02839,1
-0.079393,0.03629,0.05306,0.031292,1
-0.078253,0.034951,0.04516,0.035505,1
-0.077122,0.030593,0.040842,0.037485,1
-0.075642,0.033109,0.037521,0.038266,1
-0.073865,0.032979,0.033949,0.03533,1
-0.073211,0.036546,0.032416,0.032876,1
-0.072369,0.038241,0.028752,0.02918,1
-0.072026,0.038969,0.026341,0.026281,1
-0.071889,0.042307,0.024355,0.020187,1
-0.07192,0.042426,0.021449,0.019845,1
-0.072104,0.041896,0.020173,0.020112,1
-0.071839,0.044084,0.018573,0.019982,1
-0.070865,0.047939,0.017898,0.017143,1
-0.070156,0.050158,0.018518,0.015322,1
-0.068807,0.051757,0.017315,0.013617,1
-0.067997,0.051859,0.018667,0.010364,1
-0.067596,0.052826,0.01773,0.0099431,1
-0.067348,0.058108,0.015567,0.0080104,1
-0.067046,0.057017,0.015131,0.0066968,1
-0.066636,0.06058,0.011074,0.0018643,1
-0.066192,0.05884,0.0089114,0.00013528,1
-0.065834,0.059079,0.0057335,-0.0035647,1
-0.065903,0.059721,0.0015774,-0.0048325,1
-0.066149,0.056199,-0.00034754,-0.0076713,1
-0.066293,0.054568,0.00020999,-0.0095188,1
-0.066804,0.055528,-0.00074262,-0.0088155,1
-0.067712,0.056069,-0.0037451,-0.0090823,1
-0.068616,0.056106,-0.0045938,-0.013001,1
-0.069523,0.055975,-0.005255,-0.015364,1
-0.069773,0.054085,-0.0081163,-0.013821,1
-0.069608,0.054191,-0.0085504,-0.015478,1
-0.069245,0.055352,-0.007302,-0.018275,1
-0.068608,0.053272,-0.0094007,-0.022315,1
-0.068649,0.053254,-0.010609,-0.020181,1
-0.068812,0.053701,-0.011435,-0.025095,1
-0.069273,0.052301,-0.011517,-0.026607,1
-0.069612,0.024063,-0.042158,0.017738,1
-0.064351,-0.049083,-0.11666,0.29665,2
-0.024425,-0.16558,-0.23727,0.92448,2
0.014201,-0.20053,-0.26971,0.99847,2
0.053677,-0.21919,-0.28384,0.90299,2
0.099345,-0.2353,-0.29713,0.77882,2
0.1291,-0.24275,-0.30477,0.74019,2
0.17294,-0.24871,-0.3123,0.70105,2
0.19603,-0.25195,-0.31415,0.67939,2
0.22789,-0.25154,-0.31535,0.64166,2
0.24449,-0.25055,-0.31489,0.62615,2
0.27548,-0.24945,-0.31384,0.60028,2
0.29627,-0.24633,-0.31203,0.58308,2
0.32667,-0.24197,-0.30514,0.55824,2
0.34734,-0.23883,-0.29981,0.54135,2
0.37757,-0.23293,-0.29043,0.5108,2
0.39936,-0.22543,-0.28106,0.49462,2
0.42022,-0.21918,-0.27366,0.47516,2
0.45083,-0.20662,-0.26304,0.44737,2
0.47148,-0.20059,-0.25389,0.42847,2
0.49928,-0.19144,-0.24242,0.40354,2
0.51781,-0.1829,-0.23504,0.3854,2
0.54454,-0.16824,-0.22285,0.35982,2
0.56156,-0.15973,-0.21314,0.34259,2
0.5882,-0.14791,-0.19994,0.31945,2
0.60415,-0.14075,-0.19302,0.30386,2
0.61958,-0.13263,-0.1877,0.29022,2
0.64077,-0.12171,-0.1761,0.26656,2
0.65613,-0.11301,-0.16983,0.25181,2
0.67336,-0.10296,-0.15965,0.23538,2
0.68561,-0.094518,-0.15331,0.22617,2
0.7029,-0.082825,-0.14257,0.20965,2
0.71197,-0.076749,-0.13412,0.20159,2
0.72335,-0.069484,-0.12747,0.18908,2
0.73806,-0.055488,-0.11646,0.17548,2
0.74703,-0.046639,-0.10766,0.16832,2
0.75982,-0.036305,-0.096056,0.1537,2
0.76846,-0.02788,-0.08864,0.14607,2
0.78068,-0.018925,-0.077501,0.13703,2
0.78904,-0.014614,-0.069822,0.12994,2
0.79664,-0.0057572,-0.064444,0.12575,2
0.80726,0.0020314,-0.053034,0.11145,2
0.81297,0.0067367,-0.048012,0.10769,2
0.82269,0.014313,-0.039757,0.099611,2
0.82879,0.019252,-0.034386,0.0921,2
0.83756,0.027635,-0.024561,0.082817,2
0.84319,0.032306,-0.020194,0.078592,2
0.85039,0.037411,-0.013452,0.069503,2
0.85403,0.040592,-0.0080765,0.066314,2
0.85771,0.044006,-0.0038731,0.062584,2
0.86267,0.046739,-0.0019146,0.058545,2
0.86591,0.049141,0.0033768,0.05741,2
0.87166,0.054463,0.0081783,0.053595,2
0.87533,0.056764,0.01088,0.050791,3
0.87911,0.058015,0.013864,0.046809,3
0.88414,0.062367,0.017488,0.043904,3
0.88816,0.063368,0.019912,0.038979,3
0.89096,0.066271,0.021827,0.035376,3
0.89592,0.068831,0.025113,0.034703,3
0.89917,0.069142,0.028838,0.033216,3
0.90355,0.072076,0.03011,0.026248,3
0.9056,0.074317,0.034244,0.025522,3
0.9086,0.078412,0.036436,0.021779,3
0.91083,0.079542,0.035685,0.020918,3
0.91465,0.081831,0.036971,0.017946,3
0.91661,0.082461,0.039819,0.015985,3
0.92013,0.08454,0.04003,0.013871,3
0.92266,0.085339,0.040793,0.010232,3
0.92563,0.085556,0.042615,0.011234,3
0.92923,0.084844,0.043783,0.0086422,3
0.93079,0.084823,0.044437,0.0054408,3
0.93349,0.083582,0.047039,0.0041078,3
0.9352,0.083478,0.048035,0.003388,3
0.93838,0.085376,0.048361,0.0029843,3
0.94021,0.08662,0.050052,-0.00018033,3
0.94244,0.084429,0.05077,-0.0074916,3
0.94397,0.084406,0.052107,-0.0051016,3
0.9463,0.081348,0.052606,-0.0033157,3
0.94774,0.080167,0.051535,-0.0064389,3
0.94894,0.079408,0.051938,-0.0073339,3
0.95061,0.078446,0.051865,-0.0074271,3
0.95135,0.080705,0.051924,-0.0075705,3
0.95228,0.078829,0.05238,-0.0085648,3
0.95315,0.078092,0.053399,-0.0097159,3
0.95406,0.077913,0.053883,-0.0099022,3
0.95489,0.077786,0.053249,-0.0093292,3
0.95633,0.075246,0.053133,-0.0099968,3
0.95761,0.073384,0.053868,-0.010928,3
0.95879,0.074107,0.052964,-0.0098553,3
0.96064,0.074019,0.052211,-0.012069,3
0.96162,0.073188,0.051858,-0.013306,3
0.96318,0.072581,0.052744,-0.010337,3
0.96397,0.070886,0.052195,-0.01285,3
0.96509,0.070339,0.052569,-0.013153,3
0.96555,0.066763,0.05162,-0.015705,3
0.96649,0.064737,0.05112,-0.01708,3
0.9672,0.062376,0.050923,-0.016089,3
0.96792,0.060865,0.05236,-0.013829,3
0.96906,0.061191,0.05285,-0.0142,3
0.9701,0.059792,0.051604,-0.015355,3
0.97079,0.060067,0.051011,-0.012806,3
0.97103,0.061001,0.049351,-0.008677,3
0.9713,0.074315,0.047835,-0.0077419,3
0.97117,0.10148,0.044853,-0.0030259,4
0.97128,0.12862,0.043484,-0.0021984,4
0.97053,0.18835,0.042033,-0.0071916,4
0.96925,0.22813,0.039769,-0.0077204,4
0.96675,0.28696,0.04144,-0.0087406,4
0.96497,0.32252,0.042538,-0.010057,4
0.96261,0.37163,0.041432,-0.0066404,4
0.96074,0.39667,0.041379,-0.0041197,4
0.95898,0.41728,0.043004,-0.0056541,4
0.95747,0.4435,0.043954,-0.0052408,4
0.9567,0.45855,0.044041,-0.0019873,4
0.95629,0.4731,0.043393,0.0013275,4
0.95643,0.47772,0.043127,0.00091286,4
0.95711,0.48164,0.039461,-0.0012744,4
0.9577,0.48093,0.038275,0.00034066,4
0.95857,0.48043,0.036236,-0.0018426,4
0.95939,0.4775,0.034363,-0.00051658,4
0.96056,0.47353,0.034588,0.00083766,4
0.96138,0.47137,0.032238,-7.0405e-05,4
0.96243,0.46896,0.033352,-0.00087634,4
0.96437,0.45989,0.031531,-0.0016438,4
0.96367,0.45221,0.032109,-0.0024609,4
0.96249,0.44559,0.032713,-0.00097589,4
0.96186,0.43806,0.031525,-0.00069915,4
0.96154,0.42533,0.02933,0.0032599,4
0.96161,0.41543,0.026511,-0.00012948,4
0.96222,0.40503,0.026563,0.0020575,4
0.96059,0.39747,0.025894,0.001812,4
0.95729,0.38669,0.024411,0.0053089,4
0.95573,0.37896,0.023206,0.008861,4
0.95461,0.37052,0.021108,0.0081553,4
0.95407,0.35718,0.019515,0.010135,4
0.95418,0.34792,0.018641,0.0092668,4
0.95525,0.33395,0.018877,0.01144,4
0.95551,0.32779,0.017089,0.011478,4
0.95664,0.31529,0.018405,0.010414,4
0.958,0.30595,0.018724,0.011149,4
0.96018,0.29603,0.018839,0.010075,4
0.96197,0.28981,0.016661,0.0091778,4
0.96498,0.2799,0.017748,0.0096262,4
0.96666,0.27092,0.016207,0.0078738,4
0.96919,0.25787,0.015555,0.0022591,4
0.97075,0.24936,0.017051,0.0013916,4
0.97222,0.24232,0.016246,-0.0001188,4
0.97447,0.23122,0.016174,-0.00078247,4
0.97577,0.22153,0.013758,-0.0022617,4
0.97732,0.21052,0.014058,-0.0046064,4
0.97829,0.20114,0.015042,-0.0039996,4
0.9796,0.19051,0.016632,-0.0031417,4
0.98022,0.18447,0.014054,-0.0044653,4
0.98097,0.17792,0.013086,-0.005104,4
0.98177,0.17005,0.011835,-0.0072896,4
0.98197,0.16465,0.012841,-0.0064809,4
0.98228,0.15576,0.011048,-0.0047956,4
0.98285,0.15101,0.012186,-0.0051056,4
0.98365,0.1435,0.014327,-0.0030933,4
0.98498,0.13456,0.012598,-0.005384,4
0.98601,0.12702,0.011546,-0.0053443,4
0.98769,0.11881,0.010601,-0.0071241,4
0.98878,0.11145,0.012751,-0.0083053,4
0.99036,0.104,0.014716,-0.0087742,4
0.99116,0.098248,0.016541,-0.009362,4
0.99236,0.092848,0.014656,-0.0093534,4
0.99272,0.085407,0.013577,-0.0081815,4
0.99352,0.079898,0.012577,-0.013181,4
0.99426,0.078003,0.012058,-0.014035,4
0.99501,0.074528,0.013659,-0.012021,4
0.99711,0.067161,0.015394,-0.011651,4
0.99865,0.062022,0.015016,-0.012214,4
0.99988,0.055601,0.016081,-0.011803,4
1.0012,0.052327,0.017826,-0.013049,4
1.0029,0.048317,0.017824,-0.01415,4
1.0038,0.044971,0.016842,-0.016974,4
1.0046,0.041798,0.01818,-0.01968,4
1.0058,0.036118,0.016612,-0.020789,4
1.007,0.032112,0.01517,-0.021714,4
1.0081,0.026272,0.014991,-0.019598,4
1.0086,0.023862,0.017003,-0.019574,4
1.0098,0.018328,0.017745,-0.022929,4
1.0104,0.014814,0.016845,-0.024963,4
1.0108,0.010738,0.017421,-0.025287,4
1.0111,0.0088056,0.018347,-0.026267,4
1.0111,0.0076516,0.016492,-0.026294,4
1.0112,0.0043686,0.01671,-0.023387,3
1.0112,0.0006295,0.015653,-0.025214,3
1.0107,-0.0022522,0.016491,-0.027493,3
1.0102,-0.0052778,0.015723,-0.027052,3
1.0091,-0.0096395,0.016327,-0.023305,3
1.0087,-0.011322,0.015207,-0.023589,3
1.0085,-0.013787,0.015268,-0.022635,3
1.0084,-0.012876,0.014497,-0.020139,3
1.0086,-0.015235,0.014997,-0.020955,3
1.0083,-0.0145,0.014268,-0.020499,3
1.008,-0.01673,0.015727,-0.021952,3
1.0078,-0.019095,0.015279,-0.020739,3
1.0078,-0.019886,0.01472,-0.019819,3
1.0083,-0.021149,0.016673,-0.019784,3
1.0083,-0.022365,0.018223,-0.019725,3
1.008,-0.022578,0.017636,-0.019141,3
1.0076,-0.026579,0.035314,-0.01725,3
1.0073,-0.03127,0.062974,-0.010838,4
1.0078,-0.034145,0.11852,-0.0058091,4
1.0083,-0.035137,0.15696,-0.0083827,4
1.0091,-0.036269,0.22021,-0.014056,4
1.0098,-0.036498,0.26173,-0.01465,4
1.0109,-0.03756,0.31707,-0.020453,4
1.0114,-0.037591,0.34705,-0.0221,4
1.0118,-0.038155,0.38472,-0.021361,4
1.0117,-0.037854,0.40991,-0.026167,4
1.0114,-0.03593,0.43323,-0.02691,4
1.011,-0.035516,0.44781,-0.023485,4
1.0109,-0.03574,0.46233,-0.023456,4
1.0108,-0.036723,0.46892,-0.024181,4
1.0104,-0.035368,0.47455,-0.02494,4
1.0099,-0.037685,0.48251,-0.0247,4
1.0095,-0.037899,0.48575,-0.022382,4
1.009,-0.039197,0.48679,-0.018881,4
1.0086,-0.039799,0.48617,-0.019442,4
1.0079,-0.041245,0.47969,-0.019909,4
1.0078,-0.040897,0.47696,-0.017341,4
1.0075,-0.04245,0.47081,-0.015844,4
1.0077,-0.042302,0.46728,-0.01588,4
1.0076,-0.043545,0.46203,-0.01725,4
1.0076,-0.043652,0.45668,-0.017506,4
1.0077,-0.043707,0.44628,-0.016437,4
1.0082,-0.043236,0.4386,-0.015717,4
1.0087,-0.042665,0.42755,-0.017798,4
1.0081,-0.040822,0.41855,-0.01858,4
1.0067,-0.038981,0.40841,-0.015239,4
1.0059,-0.039061,0.40025,-0.01536,4
1.0049,-0.039154,0.39087,-0.015144,4
1.0037,-0.037557,0.37879,-0.017172,4
1.0024,-0.034645,0.37158,-0.016349,4
1,-0.03681,0.35978,-0.016026,4
0.99886,-0.03639,0.35223,-0.011151,4
0.99767,-0.036786,0.3395,-0.0092339,4
0.99695,-0.03829,0.33057,-0.0082591,4
0.99588,-0.035265,0.32112,-0.010106,4
0.99266,-0.035305,0.31387,-0.0094863,4
0.98675,-0.034114,0.30301,-0.005404,4
0.98362,-0.034993,0.29548,-0.0010668,4
0.98148,-0.031609,0.28848,0.0048923,4
0.97959,-0.029737,0.27936,0.0098033,4
0.97909,-0.031605,0.2751,0.0094246,4
0.979,-0.032699,0.26419,0.0092228,4
0.97912,-0.033722,0.25995,0.011312,4
0.97917,-0.032096,0.25154,0.011894,4
0.97934,-0.031349,0.24551,0.010954,4
0.98012,-0.030895,0.23789,0.012349,4
0.98076,-0.032732,0.23314,0.011733,4
0.98086,-0.033868,0.22947,0.010761,4
0.98135,-0.03615,0.22171,0.0097838,4
0.98185,-0.035805,0.2155,0.0086207,4
0.98267,-0.031689,0.20587,0.010895,4
0.98333,-0.030989,0.20133,0.0091215,4
0.9839,-0.029586,0.19401,0.0071407,4
0.98409,-0.027336,0.18842,0.0085338,4
0.98306,-0.028298,0.18349,0.0081254,4
0.97971,-0.025015,0.17497,0.011773,4
0.97765,-0.025126,0.16918,0.0123,4
0.97489,-0.02338,0.16009,0.018534,4
0.97373,-0.023735,0.1558,0.018841,4
0.97257,-0.02264,0.14916,0.019855,4
0.97277,-0.023515,0.1431,0.022885,4
0.97333,-0.023198,0.13641,0.02108,4
0.97404,-0.021233,0.13059,0.02208,4
0.97497,-0.023231,0.12698,0.022897,4
0.97623,-0.020781,0.12153,0.023263,4
0.97727,-0.017775,0.11642,0.023098,4
0.97914,-0.017533,0.10956,0.021315,4
0.98037,-0.015848,0.1054,0.019328,4
0.98217,-0.012271,0.099182,0.01976,4
0.98269,-0.012651,0.09535,0.017875,4
0.98357,-0.0081836,0.091859,0.015127,4
0.98427,-0.0065043,0.089134,0.015194,4
0.98523,-0.0076008,0.087788,0.015804,4
0.98631,-0.0072375,0.081932,0.011654,4
0.98559,-0.0070646,0.078785,0.012139,4
0.98501,-0.0063638,0.074585,0.010727,4
0.98458,-0.0062615,0.072544,0.012757,4
0.98415,-0.0014682,0.069929,0.015173,4
0.98425,-0.00021466,0.066588,0.015716,4
0.98487,0.0032933,0.062896,0.016398,4
0.98553,0.0042459,0.060093,0.015104,3
0.98342,0.0038994,0.053722,0.012381,3
0.98187,0.0041358,0.051351,0.011731,3
0.97993,0.0059184,0.045881,0.013866,3
0.97896,0.0075357,0.039685,0.017497,3
0.97866,0.0083796,0.03605,0.020908,3
0.97913,0.0059276,0.033015,0.019333,3
0.97967,0.0050907,0.032003,0.018196,3
0.98086,0.010302,0.02859,0.022808,3
0.98216,0.011208,0.025864,0.022948,3
0.98406,0.0099455,0.025173,0.019758,3
0.9852,0.0095161,0.023745,0.01813,3
0.98671,0.0079866,0.020906,0.018077,3
0.98899,0.0094114,0.020739,0.018268,3
0.99025,0.0094282,0.018668,0.017982,3
0.99192,0.00935,0.018417,0.014596,3
0.99311,0.0014704,0.016051,0.014831,3
0.99464,-0.034642,0.012134,0.01325,3
0.99555,-0.065595,0.01217,0.014553,4
0.99723,-0.13066,0.011089,0.012313,4
0.99831,-0.17246,0.0086299,0.0068567,4
0.99942,-0.23208,0.0063725,0.001919,4
0.99997,-0.27447,0.0044867,0.00034827,4
1.001,-0.32331,0.0035188,-0.0021797,4
1.0015,-0.34571,0.0016429,-0.0075475,4
1.0019,-0.36881,0.0014386,-0.0055282,4
1.003,-0.39803,-0.00064855,-0.0065618,4
1.0036,-0.41221,-0.0019237,-0.0094975,4
1.0044,-0.42466,-0.0039029,-0.013284,4
1.0049,-0.43319,-0.0065543,-0.011994,4
1.006,-0.43941,-0.010863,-0.013665,4
1.0066,-0.44188,-0.011469,-0.015603,4
1.0075,-0.44202,-0.015335,-0.01969,4
1.0082,-0.44331,-0.014928,-0.019692,4
1.0095,-0.43869,-0.016465,-0.020029,4
1.0108,-0.43563,-0.017615,-0.019756,4
1.0108,-0.4315,-0.018618,-0.022588,4
1.0099,-0.42574,-0.020184,-0.024463,4
1.0093,-0.41914,-0.020469,-0.026125,4
1.0091,-0.41106,-0.021023,-0.020919,4
1.0093,-0.4037,-0.023466,-0.020387,4
1.0084,-0.39394,-0.023486,-0.020892,4
1.0078,-0.38704,-0.022693,-0.017226,4
1.0076,-0.3763,-0.025118,-0.017179,4
1.0078,-0.3668,-0.025932,-0.017362,4
1.0083,-0.35943,-0.024834,-0.015675,4
1.0097,-0.35011,-0.024677,-0.01469,4
1.0107,-0.34163,-0.024462,-0.013868,4
1.0083,-0.32772,-0.02354,-0.016373,4
1.0069,-0.31932,-0.02151,-0.015231,4
1.0062,-0.31075,-0.020687,-0.010991,4
1.0059,-0.30356,-0.020402,-0.010346,4
1.0033,-0.28809,-0.024236,-0.014012,4
1.0023,-0.27882,-0.023908,-0.010068,4
1.0014,-0.26624,-0.023985,-0.0078348,4
1.0005,-0.2588,-0.023338,-0.006379,4
0.99947,-0.24988,-0.026967,-0.0077716,4
0.99868,-0.23904,-0.027314,-0.0009205,4
0.9988,-0.23059,-0.028578,0.0020229,4
0.99967,-0.2191,-0.032233,0.0012531,4
1.0006,-0.21168,-0.030999,-0.00024712,4
1.0022,-0.2015,-0.030894,-0.0049478,4
1.0035,-0.19555,-0.031753,-0.0036954,4
1.0052,-0.18532,-0.033031,-0.004798,4
1.0063,-0.17925,-0.035298,-0.005083,4
1.0077,-0.17445,-0.036772,-0.0045002,4
1.0101,-0.16213,-0.037088,-0.0078411,4
1.012,-0.15739,-0.035528,-0.010754,4
1.0145,-0.15048,-0.036186,-0.016773,4
1.0161,-0.14518,-0.036704,-0.01676,4
1.0179,-0.13547,-0.034899,-0.017638,4
1.0188,-0.13156,-0.036822,-0.017999,4
1.0198,-0.12791,-0.037967,-0.020615,4
1.021,-0.11961,-0.040265,-0.021434,4
1.0202,-0.11341,-0.04284,-0.021589,4
1.0165,-0.10706,-0.044153,-0.024835,4
1.0147,-0.10183,-0.045804,-0.021206,4
1.0127,-0.093472,-0.046808,-0.01822,4
1.0116,-0.089687,-0.046272,-0.017466,4
1.0088,-0.079636,-0.047326,-0.015229,4
1.0074,-0.076693,-0.048774,-0.0098993,4
1.0058,-0.070427,-0.047455,-0.0069607,4
1.0052,-0.06591,-0.04858,-0.0094972,4
1.0046,-0.059338,-0.048655,-0.0070697,4
1.0045,-0.053291,-0.046855,-0.0057812,4
1.0047,-0.047324,-0.04395,-0.0019343,4
1.0052,-0.042448,-0.044117,-0.0038431,4
1.0057,-0.036998,-0.042903,-0.0056988,4
1.0069,-0.032823,-0.040011,-0.0053157,4
1.0076,-0.027844,-0.040891,-0.001911,4
1.0095,-0.02277,-0.041597,-0.0028531,4
1.0105,-0.01966,-0.042005,-0.0039312,4
1.011,-0.017004,-0.042838,-0.0096347,4
1.0107,-0.012738,-0.043159,-0.0075032,4
1.0107,-0.0082658,-0.040649,-0.00093047,4
1.0112,-0.0031558,-0.04106,0.0040058,4
1.0118,0.0025131,-0.042325,0.0043285,4
1.0117,0.0066161,-0.045095,0.0011164,4
1.0115,0.01016,-0.045161,0.0011648,4
1.0117,0.016265,-0.045299,0.00093298,3
1.0123,0.019078,-0.044558,0.0036064,3
1.0137,0.025339,-0.04314,0.0087875,3
1.0141,0.028891,-0.042196,0.010331,3
1.0149,0.032231,-0.044639,0.0075589,3
1.0154,0.035375,-0.045151,0.0029864,3
1.0158,0.037365,-0.047186,0.0027968,3
1.0163,0.040707,-0.045214,0.0052523,3
1.0167,0.04444,-0.043099,-0.00053403,3
1.017,0.049054,-0.044704,-0.011911,3
1.0171,0.049309,-0.044158,-0.011081,3
1.0177,0.050043,-0.040824,-0.0096953,3
1.018,0.051104,-0.03947,-0.0096078,3
1.0184,0.051024,-0.038721,-0.0076391,3
1.0184,0.052624,-0.038464,-0.0087925,3
1.0176,0.053366,-0.038351,-0.015995,3
1.0168,0.054804,-0.036031,-0.014356,3
1.0162,0.059982,-0.015796,-0.0027832,3
1.0163,0.061745,0.0090136,-0.002436,3
1.0165,0.061624,0.047837,-0.0074302,3
1.017,0.064447,0.11121,-0.0061921,3
1.017,0.064118,0.16043,-0.0073665,3
1.0167,0.067436,0.22113,-0.0091586,4
1.0165,0.068774,0.26153,-0.011109,4
1.0165,0.070355,0.29201,-0.0085724,4
1.0169,0.071562,0.33452,-0.0074012,4
1.0175,0.071986,0.35762,-0.006789,4
1.0183,0.07167,0.37631,-0.0090061,4
1.0197,0.071413,0.39696,-0.003713,4
1.0209,0.071556,0.40755,-0.002484,4
1.0223,0.068713,0.41847,-0.010481,4
1.024,0.068409,0.42849,-0.015112,4
1.0252,0.070622,0.43461,-0.019013,4
1.0262,0.072107,0.43792,-0.021441,4
1.0266,0.072216,0.44321,-0.024544,4
1.0259,0.07042,0.4441,-0.026062,4
1.0258,0.069483,0.44563,-0.026663,4
1.0256,0.069571,0.44199,-0.026642,4
1.0253,0.067436,0.44045,-0.026226,4
1.0257,0.065689,0.43972,-0.027326,4
1.0251,0.066778,0.43836,-0.030425,4
1.0236,0.064842,0.43355,-0.029559,4
1.0223,0.066185,0.42727,-0.024555,4
1.0218,0.066212,0.42117,-0.027134,4
1.0219,0.069216,0.41458,-0.024605,4
1.0224,0.069311,0.40764,-0.019813,4
1.0228,0.069334,0.40134,-0.015428,4
1.0241,0.070636,0.39434,-0.012107,4
1.0256,0.072928,0.3824,-0.013658,4
1.0264,0.073805,0.37613,-0.014334,4
1.0271,0.075422,0.36948,-0.01902,4
1.028,0.075952,0.35945,-0.020884,4
1.0281,0.076836,0.35314,-0.027172,4
1.028,0.075904,0.34502,-0.029449,4
1.0279,0.077655,0.33621,-0.027412,4
1.028,0.07586,0.32869,-0.027118,4
1.0277,0.074969,0.32042,-0.032164,4
1.0259,0.072874,0.31551,-0.033314,4
1.0233,0.071836,0.30728,-0.032959,4
1.0216,0.074677,0.3018,-0.02963,4
1.0203,0.075064,0.2969,-0.027672,4
1.0179,0.075438,0.28585,-0.028756,4
1.0163,0.075089,0.2784,-0.023949,4
1.0149,0.075657,0.26749,-0.021542,4
1.0133,0.075866,0.2553,-0.022064,4
1.0123,0.074161,0.2485,-0.022278,4
1.0116,0.074543,0.24485,-0.023203,4
1.0102,0.074051,0.23681,-0.01836,4
1.0097,0.074194,0.23089,-0.015736,4
1.0091,0.071884,0.22843,-0.01368,4
1.0077,0.071148,0.21972,-0.013605,4
1.007,0.071449,0.21525,-0.013445,4
1.0066,0.071527,0.21024,-0.012243,4
1.0053,0.072785,0.20469,-0.0090963,4
1.0049,0.072001,0.1986,-0.0076479,4
1.0045,0.072359,0.19089,-0.0058774,4
1.004,0.074005,0.18333,-0.0014673,4
1.0035,0.074218,0.17684,0.0015263,4
1.0025,0.070422,0.16928,0.0014588,4
1.0011,0.071513,0.16342,0.00023263,4
0.9999,0.070579,0.16006,0.0081032,4
0.99848,0.069077,0.1529,0.0086719,4
0.99694,0.068171,0.14871,0.0043515,4
0.99469,0.066274,0.14259,0.0045639,4
0.99134,0.066173,0.13639,0.0065379,4
0.98955,0.065787,0.13284,0.0094515,4
0.985,0.066519,0.1275,0.014775,4
0.98087,0.067062,0.12079,0.027398,4
0.97784,0.065516,0.11525,0.032581,4
0.97646,0.065244,0.11262,0.034601,4
0.97459,0.062905,0.10749,0.044696,4
0.97444,0.061671,0.10722,0.050967,3
0.97464,0.059483,0.10397,0.046938,3
0.972,0.059305,0.10172,0.041489,3
0.9712,0.059324,0.099884,0.045849,3
0.97039,0.057118,0.097603,0.046049,3
0.97011,0.056821,0.095617,0.040433,3
0.97085,0.057333,0.09686,0.041011,3
0.97194,0.058131,0.096685,0.043641,3
0.97296,0.054169,0.094664,0.048096,3
0.97562,0.051195,0.089721,0.055211,3
0.97761,0.050198,0.086545,0.056856,3
0.97934,0.050527,0.083625,0.058245,3
0.9817,0.049657,0.080903,0.048867,3
0.98355,0.051612,0.080063,0.041037,3
0.98595,0.052013,0.081023,0.038799,3
0.98806,0.05062,0.07825,0.044585,3
0.99042,0.050101,0.078191,0.044081,3
0.99373,0.050935,0.075731,0.032224,3
0.99564,0.049206,0.072823,0.032199,3
0.99774,0.046958,0.074057,0.032003,3
1,0.04312,0.071168,0.026883,3
1.0006,0.040761,0.069197,0.014737,3
1.0004,0.039275,0.065621,0.0080112,4
1.0002,0.040734,0.060827,0.0054214,4
1.0001,0.041009,0.061189,0.0035148,4
1,0.039798,0.063187,0.0074061,4
1.0001,0.050917,0.062438,0.015332,4
1.0007,0.071666,0.062323,0.017714,4
0.99918,0.12491,0.059926,0.016452,4
0.99678,0.16451,0.059929,0.010913,4
0.99336,0.2302,0.057252,0.0087818,4
0.99126,0.27431,0.056585,0.010232,4
0.98923,0.31629,0.05542,0.0083746,4
0.98753,0.35231,0.052573,0.0082669,4
0.98543,0.40074,0.050441,0.0033944,4
0.98469,0.42341,0.05089,0.0055918,4
0.9843,0.45186,0.048248,0.011484,4
0.98433,0.46593,0.050833,0.012211,4
0.9841,0.47694,0.053966,0.015712,4
0.98421,0.49118,0.055744,0.019805,4
0.98462,0.4965,0.054822,0.019629,4
0.98516,0.49991,0.056198,0.01835,4
0.98585,0.50567,0.054632,0.012012,4
0.98561,0.50824,0.0545,0.0086884,4
0.9842,0.50627,0.0554,0.0051807,4
0.98322,0.50528,0.055275,0.0079486,4
0.98216,0.50215,0.05366,0.0096746,4
0.98073,0.49799,0.050133,0.0082291,4
0.97968,0.49569,0.048602,0.0094949,4
0.97902,0.48954,0.047097,0.01371,4
0.97796,0.481,0.045004,0.015706,4
0.97749,0.47565,0.04444,0.01574,4
0.97609,0.46702,0.044984,0.014549,4
0.97495,0.45863,0.046136,0.014135,4
0.97416,0.45338,0.046964,0.014027,4
0.97371,0.44745,0.049094,0.021189,4
0.97435,0.4359,0.050096,0.033351,4
0.97568,0.42707,0.047823,0.040885,4
0.97702,0.41961,0.048189,0.03774,4
0.9779,0.40723,0.04767,0.042367,4
0.97836,0.4,0.046061,0.04428,4
0.97839,0.38987,0.044954,0.044837,4
0.97817,0.38174,0.043957,0.037283,4
0.97845,0.37359,0.0421,0.037447,4
0.97917,0.36053,0.043089,0.040158,4
0.97972,0.35097,0.044685,0.034507,4
0.97964,0.33771,0.045923,0.021519,4
0.97959,0.3298,0.046597,0.019832,4
0.97954,0.32208,0.046743,0.025594,4
0.97999,0.31065,0.050131,0.023498,4
0.98033,0.30396,0.052806,0.018811,4
0.9811,0.29507,0.055186,0.018582,4
0.98169,0.28801,0.053281,0.018865,4
0.98218,0.27806,0.05361,0.019223,4
0.98224,0.26852,0.053243,0.013991,4
0.98192,0.26128,0.054815,0.013804,4
0.98176,0.25339,0.054712,0.016429,4
0.98085,0.24495,0.055111,0.020297,4
0.9808,0.23772,0.05556,0.020255,4
0.98027,0.23136,0.052322,0.015648,4
0.97936,0.22073,0.051134,0.015073,4
0.97877,0.21437,0.051284,0.020759,4
0.97823,0.20929,0.050687,0.02193,4
0.9775,0.19823,0.049133,0.015918,4
0.97725,0.19143,0.048477,0.021386,4
0.97701,0.18442,0.043653,0.026133,4
0.97745,0.17869,0.043505,0.029382,4
0.97818,0.1742,0.044434,0.031435,4
0.97957,0.16629,0.045248,0.021358,4
0.98048,0.15988,0.047512,0.021398,4
0.98142,0.15327,0.047564,0.024338,4
0.9828,0.14511,0.048635,0.025783,4
0.984,0.14036,0.050396,0.027072,4
0.9853,0.13564,0.049573,0.03432,4
0.98755,0.12709,0.048866,0.034979,4
0.9888,0.12362,0.050233,0.031816,4
0.98987,0.1189,0.048338,0.02662,4
0.99111,0.1121,0.051307,0.022063,4
0.99187,0.1093,0.054573,0.021122,4
0.99259,0.10532,0.054621,0.021997,4
0.9936,0.10209,0.052564,0.024521,4
0.99388,0.098101,0.051845,0.020262,4
0.99386,0.093855,0.05357,0.01188,4
0.99322,0.088093,0.056735,0.0075682,3
0.99315,0.084818,0.0556,0.011808,3
0.99318,0.078878,0.056759,0.010651,3
0.99315,0.077194,0.056749,0.0045596,3
0.99229,0.073991,0.055847,0.0022158,3
0.99048,0.070089,0.055833,0.0055436,3
0.98936,0.067128,0.054607,0.0087283,3
0.98823,0.066459,0.052969,0.0086214,3
0.98701,0.062906,0.050452,0.011088,3
0.9868,0.06428,0.048072,0.014275,3
0.98685,0.059302,0.04545,0.013984,3
0.98704,0.055442,0.045369,0.016685,3
0.98704,0.053567,0.043924,0.013941,3
0.98683,0.050423,0.042445,0.01259,3
0.98631,0.049737,0.043969,0.011632,3
0.98615,0.046427,0.04314,0.013428,3
0.98628,0.045183,0.040852,0.010468,3
0.98648,0.041066,0.037102,0.014065,3
0.98665,0.037351,0.036917,0.0089723,4
0.98676,0.035715,0.037346,0.0029674,4
0.98681,0.033961,0.04022,0.003599,4
0.98702,0.032362,0.042264,0.0038187,4
0.98633,0.031656,0.042047,0.0020098,4
0.98264,0.026066,0.033484,-0.0026011,4
0.97862,0.013115,0.0023135,0.010418,4
0.97679,-0.0081605,-0.036076,0.022844,4
0.97555,-0.054525,-0.12556,0.033346,4
0.97475,-0.088858,-0.19315,0.03319,4
0.97447,-0.13198,-0.27114,0.028412,4
0.97413,-0.17719,-0.35931,0.019377,4
0.97171,-0.23905,-0.47961,0.011383,4
0.9703,-0.27839,-0.55418,0.0073468,4
0.96954,-0.33148,-0.65571,0.0047143,4
0.96932,-0.35698,-0.70654,0.0051519,4
0.96925,-0.38202,-0.75415,0.0060537,4
0.97008,-0.40899,-0.81109,0.0069591,4
0.97087,-0.42347,-0.83503,0.0025356,4
0.97195,-0.43282,-0.8573,-0.0003686,4
0.97323,-0.44239,-0.87343,0.00086494,4
0.97577,-0.45039,-0.89156,-0.003026,4
0.97706,-0.45456,-0.89871,-0.0042204,4
0.97736,-0.45901,-0.90405,-0.0072171,4
0.9765,-0.45864,-0.90297,-0.0082589,4
0.97592,-0.45835,-0.89848,-0.0062747,4
0.97574,-0.45867,-0.89196,-0.0064008,4
0.97596,-0.45412,-0.88569,-0.0066805,4
0.97589,-0.45282,-0.87733,-0.006396,4
0.97605,-0.44773,-0.86375,-0.0045425,4
0.97595,-0.43968,-0.85188,-0.0044428,4
0.97602,-0.43461,-0.84188,-0.004191,4
0.97638,-0.42609,-0.82587,-0.002461,4
0.97686,-0.42087,-0.81658,-0.0028231,4
0.97751,-0.41453,-0.80435,-0.0025425,4
0.97858,-0.40661,-0.78542,-0.0034807,4
0.97949,-0.40151,-0.77241,-0.0037011,4
0.98062,-0.39387,-0.7604,-0.0038475,4
0.98276,-0.38404,-0.73831,-0.0054628,4
0.98385,-0.37733,-0.72668,-0.0051764,4
0.98519,-0.37086,-0.71143,-0.007113,4
0.98694,-0.36236,-0.6879,-0.006546,4
0.9879,-0.35561,-0.67605,-0.0079601,4
0.98878,-0.34701,-0.66314,-0.0084255,4
0.99012,-0.33606,-0.64344,-0.0068058,4
0.9912,-0.32789,-0.63045,-0.0056264,4
0.99256,-0.31727,-0.60988,-0.010958,4
0.99328,-0.31012,-0.59737,-0.012532,4
0.99413,-0.30363,-0.58655,-0.01202,4
0.99274,-0.29101,-0.56529,-0.012694,4
0.99195,-0.28427,-0.55266,-0.0089967,4
0.99145,-0.27628,-0.5386,-0.0095718,4
0.99075,-0.26789,-0.51839,-0.0079487,4
0.99064,-0.26303,-0.5074,-0.006367,4
0.99087,-0.25491,-0.49477,-0.0037786,4
0.99157,-0.24406,-0.47748,-0.006207,4
0.99221,-0.23761,-0.46587,-0.0071361,4
0.99263,-0.23041,-0.45486,-0.0055575,4
0.99311,-0.22433,-0.44068,-0.0030136,4
0.99391,-0.21616,-0.4258,-0.0049574,4
0.99453,-0.20945,-0.41382,-0.0056224,4
0.99517,-0.20225,-0.4012,-0.0073992,4
0.99673,-0.1934,-0.38331,-0.0054307,4
0.99789,-0.18869,-0.37381,-0.0060403,4
0.99716,-0.18218,-0.35797,-0.0070516,4
0.99673,-0.17547,-0.34795,-0.0059816,4
0.99678,-0.17015,-0.33798,-0.0016353,4
0.9975,-0.16285,-0.32498,-0.0024005,4
0.99717,-0.15906,-0.31629,-0.0040879,4
0.99732,-0.15311,-0.30599,-0.0058518,4
0.99802,-0.14612,-0.29401,-0.0038666,4
0.999,-0.1441,-0.28475,-0.0011185,4
0.99965,-0.14213,-0.27599,-0.0040374,4
1.0006,-0.13554,-0.264,-0.0040293,4
1.0012,-0.13231,-0.25649,-0.0048053,4
1.0021,-0.12496,-0.24751,-0.0039386,4
1.003,-0.1141,-0.2382,-0.0099033,4
1.0029,-0.10856,-0.22918,-0.012073,4
1.0029,-0.10382,-0.2212,-0.010349,4
1.0032,-0.0964,-0.21116,-0.0094304,4
1.0037,-0.092645,-0.203,-0.0088606,4
1.0042,-0.088189,-0.19289,-0.0078743,4
1.0049,-0.084656,-0.18482,-0.0073287,4
1.005,-0.081238,-0.18047,-0.0095116,4
1.0051,-0.074816,-0.16941,-0.0086773,4
1.0045,-0.071284,-0.16262,-0.0073694,4
1.0038,-0.069078,-0.1571,-0.0068372,4
1.0028,-0.066048,-0.14897,-0.0074334,4
1.0023,-0.061958,-0.14478,-0.0046178,4
1.0018,-0.057181,-0.13839,-0.0078027,4
1.0014,-0.053875,-0.13331,-0.0055466,4
1.0013,-0.051245,-0.12705,-0.0039762,4
1.0011,-0.044894,-0.11873,-0.004217,4
1.0009,-0.042998,-0.11439,-0.0015791,4
1.0007,-0.040721,-0.1108,-0.00084733,4
0.9994,-0.037241,-0.10266,-0.0051787,4
0.99889,-0.03493,-0.098197,-0.003271,4
0.99861,-0.033133,-0.095167,-0.0017299,4
0.99862,-0.028294,-0.088955,0.0018678,4
0.9989,-0.027216,-0.084805,0.00011534,4
0.99953,-0.023492,-0.082727,-0.0023241,4
1.0014,-0.020878,-0.078086,-0.00086418,4
1.0037,-0.0197,-0.074801,-0.0024164,5
1.0043,-0.018301,-0.073851,-0.0028071,5
1.0036,-0.020784,-0.070343,-0.1635,5
0.99398,-0.024797,-0.071336,-0.43128,5
0.95902,-0.030265,-0.074081,-0.74574,5
0.92857,-0.029442,-0.08006,-0.77341,5
0.90002,-0.028258,-0.088863,-0.74791,5
0.85931,-0.026832,-0.09782,-0.73052,5
0.83091,-0.027755,-0.10281,-0.73199,5
0.79246,-0.030513,-0.10422,-0.74009,5
0.76208,-0.03366,-0.10376,-0.73864,5
0.72071,-0.034266,-0.10484,-0.7379,5
0.6947,-0.034019,-0.10477,-0.73694,5
0.65177,-0.032697,-0.10283,-0.73793,5
0.62247,-0.031598,-0.1039,-0.73632,5
0.59689,-0.031209,-0.10303,-0.7363,5
0.55461,-0.029338,-0.10099,-0.73577,5
0.52849,-0.028512,-0.099241,-0.73705,5
0.48626,-0.024857,-0.097446,-0.73713,5
0.45814,-0.025331,-0.094955,-0.74045,5
0.4199,-0.02435,-0.094207,-0.74138,5
0.39089,-0.022021,-0.092363,-0.73717,5
0.36231,-0.020411,-0.091293,-0.73499,5
0.32126,-0.017424,-0.088686,-0.73416,5
0.29456,-0.01804,-0.087785,-0.73315,5
0.25331,-0.014951,-0.085729,-0.73299,5
0.22335,-0.016101,-0.081278,-0.73133,5
0.18074,-0.014476,-0.081461,-0.72734,5
0.15011,-0.014013,-0.082028,-0.72732,5
0.10636,-0.011984,-0.081128,-0.72851,5
0.076235,-0.013389,-0.079273,-0.7274,5
0.050447,-0.01406,-0.076229,-0.72898,5
0.0036152,-0.014011,-0.074255,-0.72699,5
-0.023661,-0.012527,-0.07386,-0.72195,5
-0.052362,0.0087052,-0.89598,0.32143,5
-0.037274,0.0085692,-0.81613,0.33493,5
-0.027119,0.0077449,-0.91192,0.21888,5
0.0053649,0.019324,-0.72554,0.52856,5
0.023054,0.020448,-0.72674,0.52854,5
0.051214,0.018423,-0.73145,0.52772,5
0.068768,0.01838,-0.73589,0.52564,5
0.095648,0.017278,-0.73639,0.52557,5
0.11236,0.01603,-0.7337,0.52387,5
0.12598,0.016487,-0.72874,0.52119,5
0.1436,0.014923,-0.72757,0.51234,5
0.15403,0.014023,-0.72556,0.50598,5
0.16382,0.010953,-0.71446,0.49089,5
0.16666,0.0087677,-0.70607,0.48108,5
0.16998,0.0088391,-0.70175,0.47238,5
0.17539,0.010504,-0.69624,0.45872,5
0.17655,0.010281,-0.68685,0.44856,1
0.17775,0.010739,-0.6792,0.43639,1
0.17684,0.011461,-0.67125,0.42131,1
0.17976,0.011326,-0.66931,0.41366,1
0.17754,0.0084699,-0.65617,0.40515,1
0.17411,0.008948,-0.6416,0.39272,1
0.17381,0.0074606,-0.63547,0.38536,1
0.17205,0.0097207,-0.6286,0.37541,1
0.17272,0.0092175,-0.61983,0.37073,1
0.1685,0.0090847,-0.60758,0.35695,1
0.16736,0.0079067,-0.59978,0.34822,1
0.16805,0.0080478,-0.59504,0.34199,1
0.16362,0.01056,-0.57798,0.32883,1
0.16115,0.011888,-0.56928,0.32246,1
0.15978,0.014471,-0.55676,0.31274,1
0.15423,0.01446,-0.54602,0.30213,1
0.1493,0.014374,-0.53027,0.29219,1
0.14719,0.015206,-0.51595,0.28261,1
0.14588,0.017006,-0.50652,0.27502,1
0.14492,0.019691,-0.49744,0.26806,1
0.1404,0.019823,-0.4829,0.25929,1
0.13932,0.024074,-0.46996,0.24863,1
0.13686,0.0244,-0.46204,0.24214,1
0.13598,0.026699,-0.44862,0.2357,1
0.1322,0.026988,-0.43442,0.23005,1
0.12991,0.029086,-0.42175,0.22128,1
0.12782,0.028419,-0.41409,0.21645,1
0.12445,0.02724,-0.40278,0.20773,1
0.12331,0.026137,-0.39211,0.20005,1
0.11943,0.023653,-0.38167,0.19374,1
0.11612,0.020462,-0.36811,0.18655,1
0.11416,0.021638,-0.36074,0.18298,1
0.11234,0.021554,-0.34604,0.17686,1
0.11034,0.023606,-0.33657,0.17277,1
0.10777,0.024205,-0.32209,0.16394,1
0.10554,0.023443,-0.31301,0.15891,1
0.10226,0.02398,-0.29448,0.1509,1
0.10176,0.024921,-0.28562,0.14387,1
0.10093,0.02389,-0.27137,0.13991,1
0.10104,0.02537,-0.26797,0.13759,1
0.099083,0.0239,-0.25561,0.1333,1
0.096575,0.022836,-0.24355,0.12679,1
0.09564,0.023374,-0.23729,0.12446,1
0.091795,0.023688,-0.22978,0.12061,1
0.088067,0.021532,-0.21519,0.11465,1
0.085314,0.021912,-0.20362,0.11103,1
0.082828,0.021298,-0.19535,0.1088,1
0.07952,0.019443,-0.18372,0.10247,1
0.0763,0.01995,-0.16888,0.095652,1
0.074477,0.020807,-0.16083,0.09166,1
0.073043,0.019045,-0.15278,0.089853,1
0.072238,0.016149,-0.14657,0.084557,1
0.070773,0.0087498,-0.15642,0.092956,1
0.068798,0.0090102,-0.14617,0.088898,1
0.06701,0.010095,-0.13739,0.085031,1
0.061733,0.011136,-0.13091,0.081483,1
0.049721,0.012378,-0.11965,0.073818,1
0.04354,0.012651,-0.11172,0.067941,1
0.035467,0.012073,-0.10329,0.060857,1
0.029359,0.011793,-0.097485,0.054973,1
0.024522,-0.0043315,-0.082771,0.074772,1
0.018563,-0.0030439,-0.069928,0.068471,1
0.01541,-0.0040567,-0.061923,0.065065,1
0.011908,-0.0023753,-0.050951,0.058392,1
0.0095879,-0.0025257,-0.041496,0.055798,1
0.0073693,-0.0035474,-0.032667,0.051435,1
0.0043192,-0.005023,-0.024202,0.048149,1
0.0023787,-0.0060405,-0.0045699,0.045984,1
-0.0011084,0.0020835,0.0091685,0.030956,1
-0.0045092,0.002154,0.01398,0.02748,1
-0.0080583,0.0032349,0.020932,0.024379,1
-0.013407,0.0057929,0.027451,0.019439,1
-0.015741,0.0059601,0.033787,0.015763,1
-0.019863,0.0062726,0.043093,0.014619,1
-0.022144,0.0041887,0.049847,0.012995,1
-0.024348,0.011563,0.038011,0.0014932,1
-0.027163,0.013301,0.043552,-0.0026057,1
-0.027175,0.013502,0.044349,-0.0030733,1
-0.029607,0.014285,0.054988,-0.0089563,1
-0.031875,0.014161,0.062879,-0.010935,1
-0.034863,0.016656,0.072426,-0.014159,1
-0.037705,0.016291,0.077324,-0.015953,1
-0.040481,0.017379,0.081809,-0.016178,1
-0.043454,0.01855,0.10118,-0.019104,1
-0.044722,0.0036379,0.10961,0.0067966,1
-0.045537,0.0027339,0.11531,0.0056198,1
-0.045904,0.0020273,0.11915,0.0027248,1
-0.046543,0.0013236,0.12613,0.00077844,1
-0.046835,0.00055906,0.13153,0.0006455,1
-0.046936,-0.00030688,0.13484,-0.00034564,1
-0.046837,-0.0015474,0.13786,-0.0012882,1
-0.047207,0.017931,0.15748,-0.035215,1
-0.049353,0.019906,0.16448,-0.038211,1
-0.050998,0.020325,0.16795,-0.038306,1
-0.05348,0.018555,0.17222,-0.039835,1
-0.055447,0.019164,0.17557,-0.042459,1
-0.057559,0.020522,0.17815,-0.042616,1
-0.06091,0.02114,0.18031,-0.044826,1
-0.062666,0.021146,0.18223,-0.04379,1
-0.063966,0.0040518,0.17672,-0.018016,1
-0.064022,0.0027019,0.17711,-0.018812,1
-0.063872,0.0037579,0.18275,-0.019387,1
-0.06341,0.0040975,0.18579,-0.020964,1
-0.062714,0.004716,0.18802,-0.020385,1
-0.060809,0.0071833,0.19108,-0.022345,1
-0.059357,0.0056034,0.19285,-0.023867,1
-0.057606,0.001265,0.17774,-0.018239,1
-0.055662,-0.01006,0.1791,-0.0023951,1
-0.053734,-0.0095033,0.18014,-0.0037816,1
-0.051209,-0.011768,0.18391,-0.0045979,1
-0.049557,-0.013108,0.1828,-0.0044758,1
-0.047138,-0.015058,0.18538,-0.0054119,1
-0.045901,-0.014742,0.1888,-0.006303,1
-0.045069,-0.015295,0.19207,-0.0073821,1
-0.044595,-0.0072116,0.17589,-0.02052,1
-0.044348,-0.0044492,0.17646,-0.018923,1
-0.043895,-0.0039863,0.17821,-0.018406,1
-0.043252,-0.0056528,0.18012,-0.020363,1
-0.043219,-0.0070723,0.18054,-0.023198,1
-0.042868,-0.0069293,0.18235,-0.024495,1
-0.043277,-0.0063471,0.18259,-0.026788,1
-0.044731,-0.0059696,0.18363,-0.027408,1
-0.045904,0.0046816,0.17263,-0.042779,1
-0.048728,0.0060645,0.17251,-0.047232,1
-0.050689,0.0088171,0.17564,-0.048375,1
-0.052702,0.0113,0.17834,-0.048899,1
-0.055506,0.011746,0.17975,-0.051091,1
-0.056849,0.010889,0.17997,-0.052631,1
-0.058373,0.0098277,0.18232,-0.054278,1
-0.060448,0.011158,0.19615,-0.056692,1
-0.062977,0.026331,0.20507,-0.084027,1
-0.0671,0.026941,0.2065,-0.085301,1
-0.070072,0.02929,0.20804,-0.086711,1
-0.072802,0.033181,0.2092,-0.087237,1
-0.075459,0.034167,0.20896,-0.087824,1
-0.078239,0.035086,0.20815,-0.088964,1
-0.079778,0.037523,0.21211,-0.090433,1
-0.08223,0.037547,0.22793,-0.092056,1
-0.082542,0.037199,0.23338,-0.090227,1
-0.0832,0.038257,0.23454,-0.092557,1
-0.084253,0.03872,0.23658,-0.091775,1
-0.084919,0.039174,0.23952,-0.0933,1
-0.085404,0.0376,0.23957,-0.093109,1
-0.086217,0.038507,0.23895,-0.090974,1
-0.086606,0.038589,0.24298,-0.087953,1
-0.08659,0.039639,0.25493,-0.088272,1
-0.086382,0.030111,0.26816,-0.074851,1
-0.085859,0.030903,0.2665,-0.072964,1
-0.085066,0.029982,0.26719,-0.07332,1
