-0.052103,0.057022,0.01176,-0.071921,1
-0.054363,0.057799,0.01246,-0.072401,1
-0.057476,0.05813,0.013083,-0.068684,1
-0.057931,0.055887,0.011659,-0.067535,1
-0.058589,0.05483,0.011676,-0.066093,1
-0.058897,0.056504,0.010618,-0.06337,1
-0.059666,0.052848,0.0083259,-0.068683,1
-0.059061,0.052587,0.0076698,-0.06799,1
-0.058657,0.051319,0.0019867,-0.063243,1
-0.059144,0.048297,0.0042192,-0.060335,1
-0.060085,0.051795,0.0030233,-0.061462,1
-0.061622,0.049307,0.0013621,-0.058035,1
-0.062315,0.045189,-0.0011744,-0.058799,1
-0.063402,0.045881,-0.0087226,-0.058915,1
-0.064266,0.044416,-0.015357,-0.059752,1
-0.064817,0.044425,-0.018699,-0.05819,1
-0.066357,0.044425,-0.017936,-0.057236,1
-0.067637,0.04603,-0.016609,-0.058768,1
-0.069265,0.044736,-0.019803,-0.056322,1
-0.069686,0.044069,-0.019142,-0.059385,1
-0.069848,0.045018,-0.018067,-0.060156,1
-0.070934,0.042864,-0.018356,-0.058742,1
-0.072888,0.045332,-0.020351,-0.059511,1
-0.073945,0.046399,-0.023734,-0.060872,1
-0.074702,0.042002,-0.023183,-0.058411,1
-0.077506,0.044808,-0.025315,-0.054523,1
-0.078395,0.044499,-0.027348,-0.055942,1
-0.079325,0.0448,-0.030318,-0.057904,1
-0.08169,0.044805,-0.027982,-0.060263,1
-0.082864,0.042447,-0.028908,-0.062785,1
-0.084243,0.04046,-0.030147,-0.06336,1
-0.086724,0.038536,-0.028086,-0.064859,1
-0.089057,0.039046,-0.029764,-0.067494,1
-0.091244,0.035068,-0.030354,-0.067966,1
-0.093985,0.034873,-0.035513,-0.069118,1
-0.099858,0.031963,-0.038996,-0.069898,1
-0.10281,0.031331,-0.038124,-0.071771,1
-0.10547,0.032505,-0.039281,-0.073272,1
-0.10919,0.032406,-0.034857,-0.071984,1
-0.11034,0.03263,-0.03561,-0.071668,1
-0.11072,0.031256,-0.033415,-0.071959,1
-0.11131,0.030868,-0.03153,-0.072284,1
-0.11212,0.026564,-0.035122,-0.068876,1
-0.11307,0.025667,-0.035187,-0.06636,1
-0.11441,0.022784,-0.031964,-0.065184,1
-0.11452,0.020173,-0.028011,-0.066915,1
-0.11535,0.019842,-0.026458,-0.066392,1
-0.11635,0.016733,-0.026097,-0.059963,1
-0.11755,0.011924,-0.029096,-0.0481,1
-0.11754,0.012375,-0.027874,-0.044958,1
-0.1172,0.0078276,-0.029252,-0.038004,1
-0.11666,0.0071574,-0.029183,-0.034519,1
-0.11538,0.0049548,-0.026944,-0.029446,1
-0.11212,0.0019116,-0.028804,-0.021715,1
-0.11011,-0.0078487,-0.031401,-0.018949,1
-0.10663,-0.025374,-0.03056,-0.019973,1
-0.10196,-0.058918,-0.03197,-0.0073734,1
-0.09936,-0.079878,-0.035614,0.0055156,1
-0.095449,-0.10072,-0.036404,0.01535,1
-0.090498,-0.12381,-0.037945,0.024717,1
-0.084585,-0.14622,-0.044423,0.021911,1
-0.080846,-0.15437,-0.046635,0.019023,1
-0.077715,-0.16457,-0.048287,0.011896,1
-0.07345,-0.172,-0.048173,0.0091918,1
-0.070581,-0.17548,-0.046562,0.011195,1
-0.068282,-0.17894,-0.047512,0.0037054,1
-0.06493,-0.17604,-0.046016,9.8595e-05,1
-0.062936,-0.17469,-0.045283,0.00013916,1
-0.060871,-0.16987,-0.044674,-0.0011596,1
-0.057885,-0.16557,-0.043618,-0.00086976,1
-0.056442,-0.16229,-0.044448,-0.0030873,1
-0.054874,-0.14968,-0.040748,-0.0056489,1
-0.052421,-0.13758,-0.037484,-0.0037402,1
-0.050965,-0.13184,-0.035978,-0.0038889,1
-0.048905,-0.12803,-0.037085,-0.0042488,1
-0.046672,-0.12118,-0.034461,-0.0095734,1
-0.044711,-0.11508,-0.031712,-0.01176,1
-0.044049,-0.10792,-0.026737,-0.014873,1
-0.04315,-0.099678,-0.023657,-0.012192,1
-0.042435,-0.095534,-0.022978,-0.010862,1
-0.041587,-0.091717,-0.020894,-0.013454,1
-0.040155,-0.078292,-0.022648,-0.012827,1
-0.039114,-0.072452,-0.021896,-0.012637,1
-0.038324,-0.069052,-0.019411,-0.015245,1
-0.037173,-0.064504,-0.019263,-0.016101,1
-0.03521,-0.057505,-0.014574,-0.010937,1
-0.033811,-0.053962,-0.014078,-0.013267,1
-0.032194,-0.045645,-0.012098,-0.019273,1
-0.030282,-0.036739,-0.0074036,-0.016671,1
-0.02859,-0.03256,-0.0061334,-0.016735,1
-0.026869,-0.025359,-0.006718,-0.017862,1
-0.024059,-0.013761,-0.0054958,-0.021818,1
-0.022034,-0.0092828,-0.0021747,-0.02188,1
-0.019564,-0.0055236,-0.0014686,-0.022217,1
-0.018477,0.00025522,0.002639,-0.025821,1
-0.015784,0.0059463,0.0038784,-0.028506,1
-0.014334,0.0076596,0.0059752,-0.031276,1
-0.013069,0.010491,0.0082141,-0.031559,1
-0.012816,0.01453,0.010562,-0.028249,1
-0.012296,0.016932,0.012891,-0.029379,1
-0.011699,0.018986,0.010684,-0.029123,1
-0.010955,0.022566,0.012618,-0.030033,1
-0.010106,0.024905,0.014397,-0.030403,1
-0.0095969,0.02907,0.013016,-0.022805,2
0.0022644,0.04555,0.020001,0.39695,2
0.043178,0.065212,0.026535,0.96686,2
0.094497,0.066516,0.028806,1.1201,2
0.16217,0.060776,0.026534,0.91868,2
0.21901,0.056022,0.024932,0.74742,2
0.2536,0.0563,0.0245,0.71015,2
0.3013,0.061234,0.02127,0.69302,2
0.33708,0.063496,0.018211,0.65432,2
0.35808,0.062891,0.017673,0.62284,2
0.38375,0.063021,0.015447,0.58127,2
0.40416,0.066489,0.016637,0.56477,2
0.41557,0.065535,0.015542,0.54959,2
0.44537,0.068982,0.016542,0.52985,2
0.4671,0.070659,0.017524,0.5094,2
0.49156,0.069374,0.023669,0.48732,2
0.5083,0.066614,0.023501,0.46654,2
0.53121,0.067907,0.023623,0.44154,2
0.55293,0.072819,0.026641,0.42313,2
0.56568,0.07287,0.026715,0.4116,2
0.59342,0.07356,0.022807,0.38562,2
0.61516,0.077415,0.022277,0.36919,2
0.62797,0.074113,0.0224,0.3553,2
0.64935,0.077189,0.023942,0.32747,2
0.66288,0.077515,0.027327,0.3149,2
0.68041,0.080388,0.027189,0.29998,2
0.70233,0.081307,0.028374,0.28132,2
0.71333,0.079641,0.028801,0.26852,2
0.73059,0.082288,0.026375,0.25052,2
0.75264,0.083864,0.031157,0.22526,2
0.7619,0.084058,0.034201,0.21783,2
0.77158,0.082743,0.034302,0.21091,2
0.7877,0.079196,0.031277,0.19079,2
0.79656,0.076964,0.033351,0.18355,2
0.80775,0.081211,0.034226,0.17227,2
0.8184,0.080709,0.032563,0.15961,2
0.82544,0.082632,0.033024,0.14931,2
0.83248,0.082989,0.032158,0.14642,2
0.84302,0.085074,0.033013,0.13772,2
0.85008,0.084899,0.033393,0.1296,2
0.85584,0.083121,0.03334,0.12489,2
0.8621,0.084205,0.032512,0.12302,2
0.87173,0.082969,0.033874,0.11449,2
0.87954,0.083768,0.027873,0.10498,2
0.88637,0.081537,0.026364,0.098979,2
0.89795,0.081678,0.024148,0.085592,2
0.90343,0.081404,0.024185,0.081195,2
0.90957,0.079471,0.022462,0.072813,2
0.91867,0.083692,0.022497,0.06686,2
0.92374,0.081869,0.023763,0.059164,2
0.92677,0.080702,0.024432,0.053809,2
0.92908,0.082568,0.025666,0.049809,2
0.93429,0.086692,0.031991,0.047021,2
0.93736,0.091134,0.032221,0.043042,2
0.94066,0.089234,0.032352,0.044038,2
0.94615,0.088024,0.031625,0.036221,2
0.94929,0.089183,0.03183,0.03237,3
0.95451,0.093862,0.034936,0.02371,3
0.95763,0.091529,0.036434,0.024228,3
0.96084,0.091037,0.035943,0.023041,3
0.96543,0.093897,0.037479,0.018032,3
0.96833,0.097129,0.036067,0.018809,3
0.97228,0.0903,0.036478,0.01234,3
0.97453,0.089307,0.035648,0.0088755,3
0.97779,0.087398,0.037802,0.0060399,3
0.98187,0.08607,0.039216,0.0030507,3
0.9847,0.08401,0.039774,0.0030971,3
0.98727,0.078219,0.039691,-0.001224,3
0.98996,0.078754,0.039648,-0.0057039,3
0.99128,0.075438,0.040937,-0.0062197,3
0.99243,0.075296,0.041854,-0.010418,3
0.99314,0.069841,0.040414,-0.010361,3
0.99346,0.066242,0.039855,-0.0093523,3
0.99354,0.068815,0.042832,-0.012349,3
0.9937,0.068668,0.04258,-0.0083881,3
0.99372,0.065404,0.037853,-0.0091795,3
0.99366,0.065707,0.039113,-0.0094841,3
0.99304,0.066361,0.039898,-0.011146,3
0.99278,0.066603,0.038006,-0.0072679,3
0.99283,0.064556,0.035511,-0.0064533,3
0.99203,0.064783,0.030724,-0.010022,3
0.9911,0.065385,0.030748,-0.0081148,3
0.99015,0.066737,0.029844,-0.0048215,3
0.98943,0.067592,0.032472,5.1188e-05,3
0.98912,0.068315,0.032362,0.00061142,3
0.98887,0.069323,0.031241,-0.0030148,3
0.98814,0.068785,0.033118,-0.0010826,3
0.98775,0.066781,0.031554,0.0029865,3
0.98755,0.065839,0.030516,-0.0011472,3
0.98671,0.060619,0.026395,-0.0026218,3
0.98625,0.056568,0.025518,-0.00018281,3
0.98581,0.057959,0.028733,0.0044806,3
0.98547,0.060837,0.02616,0.0059865,3
0.98448,0.059292,0.02394,0.0028297,3
0.98372,0.058716,0.023671,0.002378,3
0.98275,0.061382,0.023189,0.0040255,3
0.98227,0.058711,0.022516,0.0077529,3
0.9818,0.058787,0.024281,0.0054844,3
0.98156,0.059151,0.023333,0.0088991,3
0.9812,0.062398,0.023162,0.0057172,3
0.98018,0.06168,0.023836,0.0058438,3
0.9793,0.059965,0.024723,0.017319,3
0.97869,0.070722,0.01878,0.019187,3
0.97815,0.086918,0.01881,0.027753,3
0.97882,0.15712,0.017109,0.046761,4
0.97995,0.22242,0.016689,0.061454,4
0.9825,0.33309,0.016634,0.078825,4
0.9876,0.51252,0.014644,0.080883,4
0.99122,0.66599,0.014131,0.065836,4
0.99277,0.76782,0.012979,0.045897,4
0.9939,0.89441,0.013031,0.027672,4
0.99393,1.0748,0.014059,0.014903,4
0.99264,1.1933,0.020072,0.010591,4
0.99119,1.2938,0.019047,0.0152,4
0.98925,1.3906,0.018922,0.0080098,4
0.98762,1.4357,0.015815,0.0021733,4
0.98499,1.4686,0.011701,0.00076115,4
0.98377,1.4807,0.0098222,-0.0031144,4
0.98252,1.4805,0.0077256,-0.0060728,4
0.98121,1.4775,0.0079687,-0.0036241,4
0.98024,1.4679,0.0071141,-0.0012705,4
0.97916,1.4552,0.0087591,-0.0044669,4
0.9772,1.4358,0.010961,-0.0043789,4
0.97542,1.4191,0.0091612,-0.0013157,4
0.97346,1.403,0.0083742,4.0276e-05,4
0.97079,1.3721,0.011235,0.00051143,4
0.96861,1.3426,0.014199,0.0025586,4
0.96634,1.3161,0.01744,0.003511,4
0.96334,1.2782,0.014927,0.007517,4
0.96123,1.2535,0.014106,0.0086039,4
0.95839,1.2303,0.013546,0.0097101,4
0.95404,1.1942,0.013083,0.011779,4
0.95013,1.1673,0.013376,0.013374,4
0.94658,1.1254,0.012984,0.021571,4
0.94473,1.0911,0.01513,0.029435,4
0.9421,1.0553,0.014381,0.028621,4
0.94017,1.036,0.016755,0.030174,4
0.93847,1.0105,0.016864,0.031541,4
0.93617,0.98023,0.017698,0.0336,4
0.93331,0.94805,0.019065,0.036701,4
0.93168,0.91629,0.019534,0.039123,4
0.92955,0.89326,0.019073,0.043368,4
0.92642,0.855,0.017689,0.047981,4
0.92407,0.832,0.01724,0.049603,4
0.92185,0.80306,0.018687,0.052057,4
0.91865,0.76917,0.019742,0.054181,4
0.91677,0.75036,0.01745,0.05571,4
0.91329,0.71536,0.019443,0.059821,4
0.91095,0.69463,0.017413,0.063556,4
0.90918,0.66713,0.019383,0.066399,4
0.9068,0.64784,0.020593,0.066612,4
0.9038,0.6211,0.023653,0.074465,4
0.90333,0.60037,0.02252,0.076988,4
0.90198,0.58456,0.023145,0.07725,4
0.90085,0.557,0.024228,0.078974,4
0.8999,0.54287,0.023337,0.08054,4
0.89843,0.51567,0.022048,0.083669,4
0.89992,0.49582,0.022254,0.089257,4
0.90245,0.46086,0.025301,0.085709,4
0.90225,0.44248,0.026113,0.083446,4
0.90236,0.42665,0.022718,0.083497,4
0.90169,0.39978,0.021902,0.083669,4
0.90043,0.39009,0.020531,0.083932,4
0.9018,0.36927,0.015787,0.090971,4
0.90205,0.35448,0.014805,0.087573,4
0.90205,0.34343,0.013183,0.083768,4
0.90394,0.31492,0.01518,0.087905,4
0.90289,0.30071,0.017074,0.085382,4
0.9027,0.28104,0.0133,0.087104,4
0.90101,0.26837,0.01269,0.085203,4
0.90094,0.2549,0.011788,0.086892,4
0.90191,0.23593,0.013921,0.088992,4
0.90351,0.22562,0.014859,0.090966,4
0.90419,0.20752,0.015562,0.089124,4
0.90483,0.19906,0.012253,0.08944,4
0.90442,0.18853,0.011383,0.086315,4
0.90447,0.17585,0.011297,0.087181,4
0.90548,0.16352,0.0093418,0.085917,4
0.90531,0.14919,0.0099426,0.082508,4
0.90582,0.13825,0.0084047,0.084626,4
0.90735,0.12647,0.0071093,0.086708,4
0.90816,0.11706,0.0090896,0.085181,4
0.90834,0.11129,0.010488,0.083359,4
0.90926,0.099776,0.014703,0.081037,4
0.9087,0.09477,0.015618,0.083512,4
0.9079,0.093007,0.018316,0.085847,4
0.90757,0.084575,0.018205,0.080796,4
0.90777,0.078634,0.018991,0.085352,4
0.90768,0.074594,0.021232,0.086277,3
0.90862,0.069568,0.022682,0.086345,3
0.90781,0.062028,0.021367,0.083479,3
0.90759,0.055467,0.022184,0.082774,3
0.90785,0.048388,0.024542,0.085105,3
0.90814,0.04162,0.024139,0.091578,3
0.90788,0.035998,0.023414,0.086343,3
0.90911,0.030384,0.023457,0.085412,3
0.90876,0.026764,0.021771,0.083235,3
0.90822,0.022475,0.02048,0.084074,3
0.9082,0.017407,0.020276,0.084074,3
0.90969,0.013217,0.020453,0.084721,3
0.91126,0.0053069,0.019365,0.08383,3
0.91335,0.003219,0.018365,0.089164,3
0.91577,-0.0045131,0.029775,0.086363,3
0.91722,-0.0054325,0.050369,0.089585,3
0.92061,-0.010964,0.11888,0.10208,3
0.92405,-0.011296,0.19343,0.11042,3
0.92678,-0.011387,0.27559,0.11803,4
0.93377,-0.011326,0.47482,0.12153,4
0.93725,-0.013117,0.58897,0.10492,4
0.94036,-0.016134,0.71274,0.085457,4
0.94223,-0.018302,0.82297,0.071563,4
0.94452,-0.02352,0.99318,0.055063,4
0.94557,-0.023118,1.109,0.04208,4
0.94582,-0.025109,1.227,0.032198,4
0.94564,-0.025648,1.2917,0.036332,4
0.94546,-0.027578,1.3358,0.03457,4
0.94615,-0.034622,1.398,0.031255,4
0.94621,-0.035395,1.4165,0.03173,4
0.9465,-0.034287,1.4302,0.034171,4
0.94639,-0.036335,1.4387,0.033186,4
0.94572,-0.036867,1.4403,0.034124,4
0.94514,-0.037562,1.4339,0.031622,4
0.94488,-0.037963,1.4145,0.038377,4
0.94463,-0.039202,1.3993,0.035104,4
0.9441,-0.041742,1.3852,0.034295,4
0.94409,-0.042374,1.3479,0.03822,4
0.94424,-0.043528,1.3233,0.034244,4
0.94427,-0.043731,1.2988,0.033214,4
0.94555,-0.044322,1.2455,0.038358,4
0.945,-0.045779,1.2169,0.038288,4
0.94437,-0.047399,1.1781,0.039546,4
0.94445,-0.048951,1.1394,0.033819,4
0.94329,-0.046503,1.1018,0.037543,4
0.94264,-0.045879,1.0765,0.038271,4
0.94202,-0.04512,1.054,0.039962,4
0.94195,-0.04519,1.012,0.040549,4
0.94145,-0.045253,0.98596,0.042688,4
0.94136,-0.044478,0.95815,0.044159,4
0.94095,-0.040737,0.91725,0.043715,4
0.94172,-0.038148,0.88896,0.047113,4
0.94161,-0.036002,0.86861,0.044637,4
0.94211,-0.034349,0.83755,0.046005,4
0.94303,-0.031104,0.81342,0.048108,4
0.94329,-0.026909,0.79379,0.04901,4
0.94454,-0.026271,0.75589,0.049431,4
0.94486,-0.025468,0.73554,0.048562,4
0.94536,-0.024597,0.70734,0.045987,4
0.94628,-0.02687,0.68519,0.049893,4
0.94718,-0.024721,0.65548,0.047566,4
0.94841,-0.020369,0.62973,0.04846,4
0.94888,-0.019426,0.61246,0.048215,4
0.94983,-0.017248,0.58626,0.050719,4
0.95044,-0.01845,0.56843,0.049872,4
0.94542,-0.01815,0.54905,0.048358,4
0.94164,-0.015378,0.52797,0.050716,4
0.93817,-0.013752,0.51226,0.055796,4
0.93395,-0.0090827,0.47982,0.065325,4
0.93107,-0.0065629,0.45994,0.071933,4
0.92761,-0.0067423,0.44172,0.080396,4
0.92692,-0.0040418,0.42947,0.083495,4
0.92497,-0.003898,0.41679,0.081719,4
0.92453,-0.0018362,0.39633,0.083577,4
0.92523,-0.0045244,0.38535,0.087519,4
0.92739,-0.0029311,0.36511,0.083055,4
0.92717,2.4518e-05,0.35535,0.080828,4
0.92858,0.0043036,0.34028,0.077631,4
0.9304,0.0072716,0.32483,0.078373,4
0.9329,0.0072775,0.3116,0.081278,4
0.93442,0.0078891,0.30501,0.079374,4
0.93844,0.011459,0.28369,0.063983,4
0.94012,0.01294,0.26954,0.061273,4
0.94154,0.013477,0.25974,0.059791,4
0.94439,0.015774,0.24432,0.06088,4
0.94626,0.01622,0.23273,0.057438,4
0.9507,0.019083,0.21442,0.063552,4
0.95375,0.018242,0.20525,0.059194,4
0.95669,0.018985,0.19698,0.055881,4
0.96129,0.020533,0.18249,0.05318,4
0.96384,0.021094,0.17352,0.050182,4
0.96747,0.018355,0.16264,0.04834,4
0.96853,0.020338,0.15492,0.044966,4
0.96977,0.019257,0.14863,0.043987,4
0.97252,0.020783,0.1382,0.04314,4
0.97435,0.022284,0.13006,0.037125,4
0.97693,0.022267,0.12253,0.033474,4
0.97926,0.023095,0.11771,0.03355,4
0.98147,0.025001,0.11117,0.029323,4
0.98457,0.022451,0.10285,0.023165,4
0.98708,0.024379,0.096514,0.024347,4
0.98979,0.029292,0.089583,0.020531,4
0.99302,0.033191,0.083251,0.013154,4
0.99473,0.034551,0.080495,0.012329,4
0.99751,0.036079,0.068626,0.017315,4
0.99955,0.036059,0.066076,0.015522,4
1.0017,0.036833,0.058201,0.009673,4
1.0043,0.039006,0.045211,0.0034506,4
1.0063,0.042845,0.04085,0.0034788,4
1.0089,0.047196,0.032597,-0.0013916,4
1.0106,0.049467,0.027848,-0.0070328,4
1.0121,0.054062,0.023084,-0.010188,4
1.014,0.056881,0.014227,-0.0096986,4
1.0155,0.06004,0.00727,-0.011126,4
1.0182,0.040864,0.00022733,-0.014278,4
1.0195,0.012192,-0.0044753,-0.012395,4
1.0212,-0.030198,-0.0090391,-0.012175,4
1.0244,-0.13764,-0.011177,0.0032407,4
1.026,-0.23527,-0.012535,0.0087572,4
1.0276,-0.38319,-0.010696,0.0058658,4
1.0284,-0.5998,-0.014422,-0.014027,4
1.0285,-0.73405,-0.015671,-0.029234,4
1.0274,-0.89983,-0.018679,-0.043803,4
1.0256,-1.0145,-0.01914,-0.048301,4
1.0222,-1.1775,-0.021969,-0.049939,4
1.02,-1.2546,-0.023529,-0.054659,4
1.0179,-1.3097,-0.021743,-0.052094,4
1.0153,-1.3649,-0.027934,-0.048519,4
1.014,-1.3853,-0.028546,-0.045992,4
1.0113,-1.3998,-0.029791,-0.040521,4
1.0098,-1.4019,-0.028569,-0.040134,4
1.0086,-1.3964,-0.028028,-0.037991,4
1.0078,-1.3821,-0.030071,-0.03416,4
1.0075,-1.3652,-0.029818,-0.03577,4
1.0071,-1.3477,-0.032591,-0.036045,4
1.0073,-1.3231,-0.03616,-0.036555,4
1.0075,-1.3001,-0.038253,-0.031338,4
1.0082,-1.2635,-0.040342,-0.0298,4
1.0084,-1.2375,-0.041355,-0.031769,4
1.0084,-1.2015,-0.043076,-0.033918,4
1.0088,-1.1589,-0.047084,-0.028494,4
1.0096,-1.1363,-0.045958,-0.026982,4
1.01,-1.1065,-0.044933,-0.030126,4
1.0116,-1.0731,-0.043685,-0.030513,4
1.012,-1.0376,-0.04583,-0.02568,4
1.0132,-1.0138,-0.045686,-0.027103,4
1.0149,-0.97585,-0.044083,-0.030069,4
1.0157,-0.95228,-0.043354,-0.032089,4
1.0173,-0.91333,-0.041481,-0.033643,4
1.0181,-0.88264,-0.037742,-0.036333,4
1.0197,-0.84769,-0.037115,-0.038112,4
1.0207,-0.82501,-0.039215,-0.03483,4
1.0228,-0.8021,-0.039194,-0.03379,4
1.0248,-0.76636,-0.041561,-0.033375,4
1.0255,-0.74493,-0.040999,-0.035453,4
1.0221,-0.71258,-0.04063,-0.039274,4
1.0196,-0.68587,-0.038335,-0.035896,4
1.0183,-0.66824,-0.037031,-0.032162,4
1.0172,-0.6423,-0.034494,-0.02986,4
1.0169,-0.6117,-0.032423,-0.027512,4
1.0171,-0.57849,-0.033467,-0.030639,4
1.0175,-0.56315,-0.032993,-0.026728,4
1.0178,-0.54611,-0.036444,-0.029132,4
1.0187,-0.5192,-0.040496,-0.02919,4
1.0201,-0.50018,-0.04127,-0.026772,4
1.0217,-0.47761,-0.041873,-0.028393,4
1.023,-0.46242,-0.041644,-0.03054,4
1.025,-0.44905,-0.043461,-0.030129,4
1.0273,-0.417,-0.039748,-0.035116,4
1.0292,-0.39634,-0.038969,-0.036396,4
1.0308,-0.38378,-0.040782,-0.036144,4
1.0351,-0.35619,-0.04024,-0.036164,4
1.0374,-0.34519,-0.039564,-0.03901,4
1.0405,-0.32419,-0.038707,-0.041532,4
1.0414,-0.31141,-0.040181,-0.043484,4
1.042,-0.30208,-0.039377,-0.044507,4
1.043,-0.275,-0.034278,-0.045974,4
1.0441,-0.26448,-0.031622,-0.043159,4
1.0454,-0.25119,-0.032588,-0.045837,4
1.0463,-0.23809,-0.034682,-0.049762,4
1.0467,-0.22467,-0.037093,-0.049672,4
1.0479,-0.21337,-0.039188,-0.047469,4
1.0488,-0.20552,-0.036185,-0.049404,4
1.0508,-0.19934,-0.035609,-0.050187,4
1.053,-0.18626,-0.033071,-0.050149,4
1.0541,-0.17664,-0.029438,-0.05305,4
1.0554,-0.16454,-0.029484,-0.053943,4
1.0561,-0.14829,-0.027704,-0.053622,4
1.0584,-0.13267,-0.02384,-0.054957,4
1.0589,-0.11846,-0.020742,-0.055851,4
1.0601,-0.11112,-0.018129,-0.058009,4
1.0616,-0.09916,-0.019073,-0.05902,4
1.0623,-0.087198,-0.015458,-0.059467,4
1.065,-0.075645,-0.016938,-0.060777,4
1.0666,-0.071425,-0.015858,-0.060939,4
1.0679,-0.066904,-0.017147,-0.064317,4
1.0679,-0.055653,-0.014381,-0.062539,4
1.0675,-0.049129,-0.012535,-0.063961,3
1.067,-0.035782,-0.013711,-0.064871,3
1.0675,-0.030354,-0.01152,-0.063074,3
1.0681,-0.025585,-0.010548,-0.062718,3
1.0692,-0.02076,-0.0089141,-0.061434,3
1.0705,-0.016122,-0.0092396,-0.063417,3
1.0701,-0.005645,-0.0038129,-0.068617,3
1.0704,-0.00012594,-0.0018964,-0.066334,3
1.0707,0.0037012,-0.00051475,-0.065608,3
1.0714,0.011439,0.001491,-0.071568,3
1.0724,0.017505,0.0062727,-0.068471,3
1.0723,0.02208,0.0051157,-0.065174,3
1.0746,0.027135,0.0071059,-0.064511,3
1.076,0.032764,0.0086768,-0.066091,3
1.0773,0.034855,0.0071942,-0.070219,3
1.0785,0.037384,0.0069615,-0.068768,3
1.0781,0.044458,0.0051722,-0.070264,3
1.0768,0.055733,0.02495,-0.065207,3
1.0764,0.057247,0.06152,-0.059306,3
1.0767,0.059403,0.14157,-0.041645,4
1.0769,0.065307,0.23515,-0.027979,4
1.0787,0.074016,0.359,-0.021058,4
1.0812,0.072902,0.51785,-0.028951,4
1.0819,0.077894,0.68673,-0.045571,4
1.082,0.081299,0.82456,-0.064325,4
1.0804,0.082936,0.9968,-0.076956,4
1.079,0.083136,1.0919,-0.076076,4
1.0775,0.083824,1.2117,-0.069359,4
1.0756,0.087257,1.2926,-0.069011,4
1.0734,0.088178,1.3591,-0.073044,4
1.0723,0.086181,1.3897,-0.075548,4
1.0702,0.085515,1.4196,-0.071522,4
1.0672,0.088415,1.4521,-0.072432,4
1.0657,0.08711,1.4627,-0.070105,4
1.0637,0.089759,1.4644,-0.064962,4
1.0617,0.089587,1.4534,-0.065789,4
1.0605,0.093237,1.4466,-0.066139,4
1.0586,0.095508,1.4302,-0.066553,4
1.0561,0.096163,1.4042,-0.066734,4
1.0536,0.09861,1.3781,-0.061754,4
1.0524,0.097967,1.3603,-0.059037,4
1.0515,0.095127,1.3321,-0.058802,4
1.0486,0.093644,1.3015,-0.06264,4
1.0457,0.096539,1.2751,-0.060631,4
1.0426,0.097818,1.2381,-0.051311,4
1.0411,0.10019,1.2178,-0.046816,4
1.0389,0.10163,1.1764,-0.04559,4
1.0379,0.10236,1.1525,-0.044561,4
1.0366,0.10508,1.1297,-0.043032,4
1.0345,0.10637,1.0931,-0.040495,4
1.0329,0.10779,1.0649,-0.039885,4
1.0317,0.10536,1.0403,-0.042095,4
1.03,0.10748,1.0018,-0.041974,4
1.0286,0.108,0.97794,-0.041807,4
1.0262,0.11046,0.93827,-0.035521,4
1.0253,0.11401,0.91307,-0.034349,4
1.0236,0.11144,0.87669,-0.032006,4
1.0223,0.11101,0.85374,-0.032401,4
1.0214,0.10811,0.82515,-0.026867,4
1.02,0.10579,0.78961,-0.02468,4
1.0194,0.10322,0.77275,-0.021689,4
1.0186,0.10403,0.74067,-0.023009,4
1.0181,0.1068,0.71588,-0.019998,4
1.0179,0.10288,0.6842,-0.019008,4
1.0178,0.10042,0.65954,-0.01176,4
1.0181,0.099288,0.64116,-0.011979,4
1.018,0.099033,0.61416,-0.014673,4
1.0177,0.10028,0.59527,-0.015946,4
1.0171,0.096658,0.57315,-0.015908,4
1.0156,0.094882,0.54351,-0.014993,4
1.0147,0.094958,0.52795,-0.014862,4
1.0131,0.093144,0.50031,-0.013837,4
1.0122,0.094189,0.48532,-0.010414,4
1.0113,0.090685,0.46826,-0.0091466,4
1.0101,0.087759,0.44177,-0.0072383,4
1.0093,0.086204,0.424,-0.0063864,4
1.0079,0.087022,0.3992,-0.0043211,4
1.0065,0.086192,0.37884,-0.0046878,4
1.0045,0.079619,0.35621,-0.0040475,4
1.0029,0.077912,0.34227,-2.9176e-05,4
1.0002,0.076517,0.3308,0.0040938,4
0.99707,0.074074,0.30981,0.013176,4
0.99578,0.070056,0.29983,0.014957,4
0.99407,0.066499,0.28043,0.010958,4
0.9931,0.063933,0.26232,0.010406,4
0.99255,0.061862,0.24382,0.01254,4
0.9916,0.061619,0.2279,0.016628,4
0.99003,0.061518,0.21886,0.015168,4
0.98893,0.062261,0.20657,0.02043,4
0.98856,0.060922,0.19506,0.021909,4
0.98798,0.057842,0.18715,0.021404,4
0.98748,0.054518,0.17444,0.025895,4
0.98681,0.05451,0.16412,0.027767,4
0.98643,0.049681,0.14714,0.03427,4
0.98652,0.046778,0.13877,0.038254,4
0.98641,0.046177,0.13079,0.031964,4
0.98606,0.04136,0.12085,0.024479,4
0.98604,0.043734,0.11132,0.029054,4
0.98637,0.044562,0.10197,0.025862,4
0.9862,0.042697,0.095214,0.019667,4
0.98576,0.045059,0.082084,0.021334,4
0.98573,0.04354,0.071523,0.020055,4
0.98559,0.044373,0.063118,0.019771,4
0.98517,0.040086,0.057131,0.019449,4
0.98539,0.039753,0.050272,0.023437,4
0.98513,0.037587,0.044345,0.021106,4
0.98498,0.032103,0.037964,0.020273,4
0.98513,0.030993,0.035114,0.026183,4
0.98553,0.031212,0.027624,0.029148,4
0.98621,0.029151,0.020449,0.032967,4
0.98668,0.027671,0.01531,0.037138,4
0.98865,0.024022,0.0079178,0.044769,4
0.9901,0.024896,-0.0025147,0.042025,4
0.99102,0.025905,-0.0098819,0.035294,4
0.99176,0.025688,-0.016007,0.034868,4
0.99227,0.024975,-0.017537,0.034723,4
0.9924,0.030691,-0.020555,0.03516,4
0.99271,0.040608,-0.023333,0.042628,4
0.9946,0.087792,-0.03689,0.052991,4
0.99555,0.13411,-0.040293,0.064464,4
0.99794,0.21199,-0.052425,0.083583,4
1.0028,0.37396,-0.054322,0.10518,4
1.0061,0.50458,-0.057473,0.097696,4
1.0085,0.71042,-0.060731,0.054892,4
1.0083,0.85131,-0.066549,0.042623,4
1.0045,1.0185,-0.066531,0.023026,4
1.0021,1.1531,-0.068965,0.030939,4
0.99941,1.2278,-0.070514,0.028034,4
0.9962,1.3183,-0.0759,0.032353,4
0.99353,1.3706,-0.075117,0.0328,4
0.98698,1.4059,-0.075366,0.024524,4
0.98187,1.4523,-0.083768,0.022205,4
0.97779,1.4639,-0.089506,0.028997,4
0.97478,1.4667,-0.093576,0.039526,4
0.97347,1.46,-0.095473,0.043109,4
0.97301,1.4482,-0.097822,0.049371,4
0.97297,1.4366,-0.10198,0.046363,4
0.97314,1.4222,-0.10224,0.051761,4
0.97301,1.3945,-0.10868,0.045094,4
0.97239,1.376,-0.11077,0.034608,4
0.97126,1.3534,-0.11534,0.029233,4
0.9708,1.3208,-0.12174,0.035902,4
0.97062,1.2949,-0.12393,0.03884,4
0.97153,1.2549,-0.13371,0.034496,4
0.97143,1.2263,-0.13701,0.020593,4
0.97028,1.1885,-0.13996,0.021621,4
0.96961,1.163,-0.14294,0.03513,4
0.96937,1.1368,-0.14797,0.039838,4
0.96836,1.0919,-0.15313,0.0453,4
0.96804,1.0698,-0.15668,0.048484,4
0.96855,1.0376,-0.15687,0.055674,4
0.96915,1.0034,-0.16215,0.057139,4
0.97009,0.97885,-0.16931,0.066825,4
0.97143,0.94222,-0.16752,0.067561,4
0.97317,0.91325,-0.16751,0.064058,4
0.97253,0.88341,-0.16167,0.043846,4
0.9722,0.86096,-0.15887,0.040954,4
0.97096,0.83906,-0.15666,0.045875,4
0.96946,0.80789,-0.15648,0.068609,4
0.96904,0.78456,-0.15088,0.068373,4
0.96957,0.74231,-0.14845,0.085133,4
0.97129,0.72008,-0.14978,0.088815,4
0.97216,0.70271,-0.14529,0.092707,4
0.97569,0.67559,-0.15135,0.12228,4
0.97897,0.6559,-0.15443,0.11453,4
0.98046,0.63805,-0.14862,0.10542,4
0.98269,0.61169,-0.1412,0.089467,4
0.98403,0.59561,-0.1428,0.1058,4
0.98937,0.56623,-0.14758,0.12926,4
0.99194,0.55134,-0.14259,0.10382,4
0.99523,0.52713,-0.15061,0.07987,4
0.99641,0.50659,-0.1566,0.046469,4
0.9959,0.48393,-0.15291,0.026482,4
0.99512,0.46439,-0.1525,0.018553,4
0.9944,0.44626,-0.15288,0.016699,4
0.99103,0.42054,-0.14418,0.010862,4
0.9882,0.40228,-0.1434,0.013678,4
0.98611,0.39041,-0.137,0.013749,4
0.98305,0.36577,-0.13576,0.022581,4
0.98185,0.35011,-0.13631,0.026747,4
0.98074,0.32861,-0.13448,0.032337,4
0.98115,0.31551,-0.13631,0.039471,4
0.9816,0.30371,-0.13529,0.03525,4
0.98219,0.28559,-0.13788,0.039954,4
0.98269,0.2755,-0.14242,0.039826,4
0.98278,0.26449,-0.14144,0.034742,4
0.98244,0.25266,-0.13757,0.046791,4
0.98207,0.24761,-0.14047,0.048745,4
0.98209,0.23643,-0.14331,0.049439,4
0.98187,0.22643,-0.13874,0.053499,4
0.98173,0.21096,-0.13403,0.056604,4
0.98235,0.20133,-0.12819,0.062361,4
0.9826,0.19392,-0.12672,0.067225,4
0.98311,0.17981,-0.12408,0.05402,4
0.98336,0.17291,-0.12311,0.061469,4
0.98546,0.16383,-0.13039,0.10301,4
0.98686,0.15879,-0.13632,0.09289,4
0.98734,0.14985,-0.13859,0.070831,4
0.98696,0.14573,-0.1374,0.064077,4
0.9879,0.14041,-0.14349,0.08222,4
0.98892,0.12955,-0.1381,0.062914,4
0.98881,0.1249,-0.13726,0.038702,4
0.98691,0.11521,-0.13708,0.035081,4
0.98594,0.111,-0.14216,0.043045,4
0.98582,0.10729,-0.1428,0.050862,4
0.98667,0.10378,-0.14329,0.040906,4
0.98714,0.10159,-0.14546,0.05411,4
0.98813,0.098981,-0.15076,0.063322,4
0.99051,0.094926,-0.15383,0.063951,4
0.99125,0.089207,-0.15489,0.062963,4
0.99095,0.083785,-0.1627,0.08999,4
0.98996,0.08006,-0.16532,0.089164,4
0.98876,0.075577,-0.16512,0.070332,4
0.98844,0.070451,-0.16154,0.052407,4
0.98703,0.067824,-0.1632,0.02646,4
0.98413,0.063646,-0.16339,0.0026003,4
0.9811,0.062458,-0.16422,0.0038947,4
0.97744,0.053711,-0.17644,0.012795,4
0.97574,0.030412,-0.20917,0.018547,4
0.9753,-0.016179,-0.30438,0.041329,4
0.97642,-0.064908,-0.40396,0.054816,4
0.97783,-0.11526,-0.49688,0.053988,4
0.97998,-0.21384,-0.68377,0.072142,4
0.9814,-0.28087,-0.81794,0.084716,4
0.98535,-0.39607,-1.0531,0.094785,4
0.98819,-0.47004,-1.2079,0.10788,4
0.99183,-0.55727,-1.3838,0.11588,4
0.9986,-0.70021,-1.6974,0.13358,4
1.0046,-0.8197,-1.9587,0.11541,4
1.0083,-0.9428,-2.2265,0.040683,4
1.0085,-1.0503,-2.4651,-0.0026574,4
1.0037,-1.1477,-2.6822,-0.05014,4
0.99413,-1.243,-2.9102,-0.09788,4
0.98767,-1.2909,-3.0099,-0.084172,4
0.98359,-1.3222,-3.0688,-0.062096,4
0.97957,-1.3502,-3.1248,-0.020188,4
0.97833,-1.3526,-3.127,-0.025409,4
0.97713,-1.3464,-3.0953,-0.021574,4
0.97681,-1.3336,-3.0606,-0.0090846,4
0.97678,-1.3215,-3.0275,-0.022329,4
0.97474,-1.2857,-2.9608,-0.047516,4
0.97362,-1.2674,-2.9093,-0.047285,4
0.97187,-1.2417,-2.8399,-0.046368,4
0.97082,-1.2205,-2.7865,-0.047047,4
0.96934,-1.1968,-2.7223,-0.052092,4
0.96804,-1.166,-2.6437,-0.049795,4
0.96736,-1.145,-2.5881,-0.048141,4
0.96653,-1.1086,-2.5107,-0.041096,4
0.96627,-1.0856,-2.4578,-0.04239,4
0.96564,-1.0614,-2.3984,-0.042113,4
0.96424,-1.006,-2.295,-0.037694,4
0.96407,-0.98075,-2.2467,-0.03518,4
0.96482,-0.95133,-2.1786,-0.036291,4
0.96389,-0.91097,-2.1069,-0.038329,4
0.96354,-0.86973,-2.0283,-0.037347,4
0.96382,-0.84683,-1.9769,-0.033537,4
0.96483,-0.82666,-1.93,-0.033225,4
0.96549,-0.80324,-1.8678,-0.034578,4
0.9653,-0.77279,-1.8147,-0.032595,4
0.96544,-0.74073,-1.7488,-0.030667,4
0.96583,-0.71597,-1.7085,-0.03169,4
0.96566,-0.69744,-1.6752,-0.029389,4
0.9623,-0.67001,-1.6123,-0.027932,4
0.95913,-0.64707,-1.5658,-0.020821,4
0.95704,-0.61374,-1.5101,-0.015405,4
0.95527,-0.59368,-1.4663,-0.014662,4
0.95464,-0.56927,-1.4182,-0.0072769,4
0.95522,-0.5499,-1.3852,-0.0067148,4
0.95759,-0.52204,-1.3372,-0.0069988,4
0.95921,-0.5056,-1.3029,-0.0092597,4
0.96146,-0.48593,-1.2695,-0.0085016,4
0.96444,-0.46715,-1.2326,-0.010095,4
0.96668,-0.44927,-1.2078,-0.010083,4
0.96858,-0.43175,-1.1838,-0.010545,4
0.97314,-0.40442,-1.135,-0.014348,4
0.97538,-0.38925,-1.1116,-0.015666,4
0.97932,-0.36932,-1.0768,-0.016788,4
0.9814,-0.35608,-1.0537,-0.020093,4
0.98366,-0.3402,-1.0281,-0.02107,4
0.9876,-0.32278,-0.99386,-0.022926,4
0.99027,-0.30989,-0.97023,-0.022451,4
0.99321,-0.28691,-0.9343,-0.025928,4
0.99524,-0.27555,-0.91343,-0.030658,4
0.99701,-0.26503,-0.89446,-0.029435,4
1.0009,-0.24508,-0.86216,-0.030839,4
1.0035,-0.23528,-0.84176,-0.033265,4
1.0058,-0.22056,-0.80763,-0.034261,4
1.0066,-0.20953,-0.78829,-0.038135,4
1.008,-0.20059,-0.76934,-0.038514,4
1.01,-0.18525,-0.7477,-0.033032,4
1.012,-0.17509,-0.72905,-0.03438,4
1.0151,-0.16549,-0.70693,-0.034061,4
1.017,-0.15537,-0.6953,-0.036653,4
1.0189,-0.14301,-0.67879,-0.038428,4
1.0227,-0.13224,-0.65403,-0.040578,4
1.0241,-0.12261,-0.6379,-0.042954,4
1.0277,-0.1139,-0.61917,-0.045807,4
1.0294,-0.10816,-0.60484,-0.049873,4
1.031,-0.1015,-0.59259,-0.047783,4
1.0334,-0.091663,-0.57452,-0.047297,4
1.034,-0.084431,-0.56634,-0.049704,4
1.0355,-0.072419,-0.54761,-0.048449,4
1.0368,-0.069555,-0.53758,-0.051172,4
1.038,-0.063623,-0.52607,-0.0551,4
1.0388,-0.056062,-0.51862,-0.052597,4
1.0406,-0.05056,-0.50931,-0.05316,4
1.0432,-0.04293,-0.49501,-0.051523,4
1.045,-0.036083,-0.48647,-0.04878,4
1.0456,-0.023171,-0.47167,-0.05264,4
1.0465,-0.016571,-0.45779,-0.051664,4
1.0472,-0.011909,-0.44719,-0.052323,4
1.0483,-0.0051498,-0.43352,-0.055174,4
1.049,-0.0028219,-0.4256,-0.057679,4
1.0496,0.0020353,-0.41001,-0.058343,4
1.0497,0.010758,-0.39326,-0.059555,4
1.0498,0.010757,-0.39006,-0.069094,5
1.037,-0.005557,-0.38029,-0.52889,5
1.0165,-0.015074,-0.37389,-0.75723,5
0.97464,-0.026293,-0.37028,-0.84237,5
0.92863,-0.038438,-0.36243,-0.7963,5
0.89548,-0.045265,-0.35503,-0.77126,5
0.84423,-0.058841,-0.34312,-0.77832,5
0.81622,-0.066738,-0.33536,-0.78615,5
0.76813,-0.075742,-0.32342,-0.78682,5
0.73885,-0.080472,-0.31959,-0.7877,5
0.70274,-0.086431,-0.31597,-0.78651,5
0.66202,-0.091211,-0.30303,-0.78654,5
0.63435,-0.09379,-0.29629,-0.78722,5
0.58198,-0.094651,-0.28812,-0.7854,5
0.55385,-0.094507,-0.28207,-0.7865,5
0.51829,-0.096274,-0.28075,-0.787,5
0.45833,-0.092136,-0.27475,-0.7919,5
0.42121,-0.090685,-0.26803,-0.79117,5
0.39224,-0.089934,-0.26368,-0.7919,5
0.32276,-0.081309,-0.25644,-0.79217,5
0.29004,-0.078117,-0.25225,-0.78808,5
0.23693,-0.075166,-0.239,-0.79306,5
0.20192,-0.071645,-0.2303,-0.79443,5
0.15426,-0.066711,-0.22642,-0.796,5
0.12483,-0.065623,-0.22151,-0.79191,5
0.064504,-0.066051,-0.21323,-0.78666,5
0.039101,-0.065426,-0.20838,-0.78912,5
0.0014951,-0.0667,-0.20173,-0.79293,5
-0.060133,-0.070949,-0.20063,-0.7972,5
-0.092022,-0.068789,-0.19505,-0.79495,5
-0.14252,-0.062922,-0.18937,-0.79285,5
-0.16903,-0.060552,-0.18262,-0.79066,5
-0.22267,-0.055542,-0.1782,-0.79519,5
-0.25735,-0.051644,-0.17547,-0.79434,5
-0.29979,0.38761,-0.052864,-0.59787,5
-0.33196,0.3314,-0.070741,-0.57708,5
-0.35393,0.37524,-0.078483,-0.61545,5
-0.37419,0.3964,-0.07792,-0.64106,5
-0.41848,0.4087,-0.084801,-0.65589,5
-0.4396,0.40766,-0.086576,-0.65412,5
-0.47603,0.40189,-0.089207,-0.64971,5
-0.49323,0.38769,-0.088848,-0.64393,5
-0.51989,0.38027,-0.092389,-0.63523,5
-0.54232,0.37818,-0.1002,-0.62678,5
-0.54942,0.37042,-0.10253,-0.61673,5
-0.5647,0.35637,-0.11015,-0.60201,5
-0.57353,0.34914,-0.116,-0.59746,5
-0.57834,0.33985,-0.11975,-0.58732,5
-0.59669,0.32932,-0.12501,-0.57573,5
-0.6077,0.31741,-0.12747,-0.56806,5
-0.62166,0.2952,-0.13539,-0.55057,5
-0.6235,0.28388,-0.1383,-0.53908,5
-0.62764,0.27338,-0.14278,-0.52891,5
-0.6309,0.25786,-0.1476,-0.50717,5
-0.63067,0.24881,-0.15084,-0.49212,5
-0.62929,0.23878,-0.15895,-0.47624,5
-0.63194,0.22556,-0.1646,-0.46139,5
-0.62747,0.21383,-0.16749,-0.4512,5
-0.62254,0.20422,-0.16869,-0.44211,5
-0.61995,0.19306,-0.17268,-0.43257,5
-0.61305,0.17718,-0.17369,-0.41467,5
-0.61205,0.16833,-0.17726,-0.40561,5
-0.60885,0.15578,-0.1842,-0.39461,5
-0.60228,0.14616,-0.18391,-0.3819,5
-0.5998,0.14004,-0.18913,-0.37303,5
-0.59641,0.12237,-0.19297,-0.34419,5
-0.5854,0.10915,-0.19678,-0.33073,5
-0.57486,0.10025,-0.19771,-0.32,5
-0.56979,0.091327,-0.19817,-0.31209,5
-0.56171,0.077863,-0.19995,-0.29882,5
-0.55819,0.071548,-0.19972,-0.2927,5
-0.5526,0.067841,-0.19721,-0.28678,5
-0.55308,0.066404,-0.1971,-0.28413,5
-0.54577,0.047376,-0.20757,-0.26206,5
-0.54224,0.031757,-0.20552,-0.2424,5
-0.53707,0.023029,-0.20606,-0.23508,5
-0.53228,0.01111,-0.20915,-0.22286,5
-0.5258,0.00052575,-0.20883,-0.21689,5
-0.52007,-0.012646,-0.20748,-0.20474,5
-0.51683,-0.020838,-0.21308,-0.19612,5
-0.51242,-0.026584,-0.23762,-0.19079,5
-0.51181,-0.032407,-0.23783,-0.1868,5
-0.50376,-0.040571,-0.23588,-0.17971,1
-0.50165,-0.047786,-0.23604,-0.17511,1
-0.49681,-0.050328,-0.23478,-0.16878,1
-0.49129,-0.061295,-0.23079,-0.16344,1
-0.48787,-0.06437,-0.22903,-0.15857,1
-0.48688,-0.074336,-0.23691,-0.15286,1
-0.4837,-0.12629,-0.25236,-0.072723,1
-0.4747,-0.13365,-0.2544,-0.06811,1
-0.46795,-0.13595,-0.25642,-0.064599,1
-0.46022,-0.1378,-0.25483,-0.056721,1
-0.45537,-0.14401,-0.2549,-0.052316,1
-0.44708,-0.14803,-0.25298,-0.045721,1
-0.44164,-0.15206,-0.25245,-0.04107,1
-0.43611,-0.15396,-0.2451,-0.038568,1
-0.43005,-0.15828,-0.22656,-0.038988,1
-0.424,-0.16183,-0.22593,-0.037459,1
-0.41839,-0.16689,-0.22526,-0.033528,1
-0.41464,-0.16841,-0.22113,-0.028717,1
-0.40995,-0.17256,-0.21709,-0.029476,1
-0.40674,-0.17614,-0.21307,-0.027837,1
-0.40239,-0.17924,-0.20825,-0.027441,1
-0.39889,-0.18283,-0.20196,-0.025287,1
-0.39509,-0.13593,-0.19817,-0.098683,1
-0.39392,-0.1501,-0.19429,-0.079653,1
-0.39262,-0.15636,-0.19239,-0.075749,1
-0.3911,-0.15842,-0.19036,-0.074468,1
-0.39187,-0.16289,-0.18745,-0.069607,1
-0.39108,-0.16915,-0.18649,-0.069736,1
-0.39041,-0.17478,-0.18876,-0.068859,1
-0.38851,-0.17733,-0.18191,-0.066735,1
-0.38567,-0.19601,-0.18426,-0.040866,1
-0.3834,-0.1995,-0.18248,-0.039779,1
-0.37779,-0.20363,-0.17591,-0.036661,1
-0.37447,-0.20599,-0.17109,-0.032835,1
-0.37116,-0.20614,-0.16994,-0.030517,1
-0.37133,-0.21018,-0.16679,-0.031178,1
-0.37182,-0.21299,-0.16166,-0.028998,1
-0.37196,-0.21264,-0.15857,-0.026522,1
-0.37144,-0.25873,-0.1684,0.045581,1
-0.36555,-0.26727,-0.16626,0.049359,1
-0.36084,-0.27005,-0.1642,0.051529,1
-0.35594,-0.27181,-0.16037,0.051154,1
-0.35196,-0.2722,-0.15523,0.053501,1
-0.34523,-0.27157,-0.14775,0.05636,1
-0.33955,-0.27449,-0.15063,0.057659,1
-0.33202,-0.27323,-0.1383,0.059138,1
-0.32863,-0.26091,-0.12609,0.040048,1
-0.32518,-0.26059,-0.12104,0.038828,1
-0.32305,-0.25906,-0.11693,0.040929,1
-0.32099,-0.25882,-0.11094,0.040201,1
-0.31741,-0.25343,-0.10935,0.036638,1
-0.31544,-0.2519,-0.10653,0.036416,1
-0.31358,-0.2537,-0.10236,0.036036,1
-0.31024,-0.25338,-0.10668,0.036215,1
-0.30729,-0.28055,-0.1226,0.074289,1
-0.30337,-0.28183,-0.11706,0.075722,1
-0.29744,-0.27932,-0.11434,0.077715,1
-0.2937,-0.27985,-0.11362,0.079015,1
-0.28721,-0.28404,-0.11454,0.080932,1
-0.28278,-0.28131,-0.11069,0.08396,1
-0.27846,-0.27864,-0.10091,0.085858,1
-0.27141,-0.29565,-0.10969,0.10966,1
-0.26596,-0.29641,-0.10906,0.1116,1
-0.26136,-0.29308,-0.10375,0.11072,1
-0.25285,-0.29036,-0.099487,0.10917,1
-0.2472,-0.28679,-0.099757,0.10918,1
-0.24246,-0.28373,-0.096082,0.10593,1
-0.23783,-0.27842,-0.086819,0.10652,1
-0.23329,-0.27659,-0.081443,0.1055,1
-0.2276,-0.27677,-0.049841,0.1066,1
-0.22291,-0.27946,-0.050604,0.10529,1
-0.22146,-0.27604,-0.046135,0.10691,1
-0.21779,-0.27333,-0.042874,0.10692,1
-0.21385,-0.27178,-0.041479,0.10556,1
-0.20922,-0.26935,-0.038889,0.1042,1
-0.20683,-0.2635,-0.029567,0.1039,1
-0.20238,-0.2619,-0.017197,0.10095,1
-0.19721,-0.27146,-0.040075,0.12508,1
-0.19361,-0.26985,-0.037966,0.12303,1
-0.19013,-0.26845,-0.037077,0.12339,1
-0.1846,-0.26186,-0.032216,0.12321,1
-0.1808,-0.2618,-0.031081,0.12332,1
-0.17757,-0.26013,-0.029612,0.1228,1
-0.17359,-0.25531,-0.025428,0.12304,1
-0.16954,-0.25828,-0.031408,0.12293,1
-0.16532,-0.27195,-0.038091,0.14669,1
-0.15812,-0.27081,-0.037249,0.14958,1
-0.1534,-0.26655,-0.036555,0.14612,1
-0.14661,-0.26183,-0.038011,0.14802,1
-0.14213,-0.25942,-0.038222,0.14857,1
-0.1342,-0.2585,-0.034298,0.14325,1
-0.13016,-0.25254,-0.028734,0.13866,1
-0.12603,-0.24905,-0.038993,0.13654,1
-0.12189,-0.24694,-0.046469,0.13481,1
-0.11636,-0.24416,-0.040011,0.13352,1
-0.11233,-0.24274,-0.037259,0.12928,1
-0.10824,-0.23374,-0.034467,0.12686,1
-0.10429,-0.23419,-0.035394,0.12594,1
-0.10013,-0.23022,-0.033848,0.12038,1
-0.099016,-0.22655,-0.029823,0.11716,1
-0.096235,-0.23153,-0.049392,0.13561,1
-0.094242,-0.22967,-0.048196,0.13487,1
-0.094341,-0.22792,-0.047765,0.13198,1
-0.09303,-0.21924,-0.045852,0.13191,1
-0.089152,-0.21454,-0.043957,0.13541,1
-0.086826,-0.21446,-0.04081,0.13428,1
-0.084878,-0.2124,-0.038984,0.13432,1
-0.083111,-0.2055,-0.03518,0.13524,1
-0.080796,-0.1922,-0.053594,0.11277,1
-0.080165,-0.18988,-0.052488,0.11157,1
-0.079276,-0.1894,-0.048925,0.11076,1
-0.078311,-0.19005,-0.042607,0.1095,1
-0.076405,-0.1817,-0.03923,0.10642,1
-0.074253,-0.17806,-0.034707,0.10545,1
-0.072879,-0.17505,-0.030383,0.10391,1
-0.073179,-0.17083,-0.029037,0.10208,1
